EXAMPLE_ID,RANK_1,RANK_2,RANK_3,RANK_4,RANK_5
valid_0001,DEPOSIT METAL SEED,POLYSILICON ANNEAL,DEPOSIT TUNGSTEN SEED,DEPOSIT BARRIER METAL,EPITAXY ANNEAL
valid_0002,CLEAN PAD OPENING,MEASURE PAD OPENING,PASSIVATION ETCH PAD OPENING,PASSIVATION ETCH 6,
valid_0003,MEASURE VIA CD,DEPOSIT BARRIER METAL,MEASURE OXIDE THICKNESS,CLEAN AFTER VIA ETCH,MEASURE FILM THICKNESS
valid_0004,PASSIVATION ETCH,PASSIVATION ETCH PAD OPENING,CLEAN PAD OPENING,HF DIP,DEVELOP PHOTORESIST
valid_0005,MEASURE VIA CD,DEPOSIT BARRIER METAL,MEASURE OXIDE THICKNESS,CLEAN AFTER VIA ETCH,MEASURE FILM THICKNESS
valid_0006,PASSIVATION ETCH,PASSIVATION ETCH PAD OPENING,DIELECTRIC ETCH VIA,VIA ETCH,VIA ETCH THROUGH DIELECTRIC
valid_0007,MEASURE VIA CD,DEPOSIT BARRIER METAL,MEASURE OXIDE THICKNESS,CLEAN AFTER VIA ETCH,MEASURE OXIDE QUALITY
valid_0008,PASSIVATION ETCH,PASSIVATION ETCH PAD OPENING,CLEAN PAD OPENING,DIELECTRIC ETCH VIA,VIA ETCH
valid_0009,MEASURE VIA CD,DEPOSIT BARRIER METAL,MEASURE OXIDE THICKNESS,CLEAN AFTER VIA ETCH,MEASURE FILM THICKNESS
valid_0010,STRIP RESIST,STRIP PHOTORESIST,STRIP RESIST LEVEL,SHIP LOT,FINAL CLEAN
valid_0011,MEASURE VIA CD,DEPOSIT BARRIER METAL,CLEAN AFTER VIA ETCH,MEASURE OXIDE THICKNESS,MEASURE FILM THICKNESS
valid_0012,PASSIVATION ETCH,PASSIVATION ETCH PAD OPENING,CLEAN PAD OPENING,HF DIP,DEVELOP PHOTORESIST
valid_0013,MEASURE VIA CD,DEPOSIT BARRIER METAL,MEASURE OXIDE THICKNESS,CLEAN AFTER VIA ETCH,MEASURE OXIDE QUALITY
valid_0014,STRIP RESIST,STRIP PHOTORESIST,STRIP RESIST LEVEL,SHIP LOT,FINAL CLEAN
valid_0015,MEASURE VIA CD,DEPOSIT BARRIER METAL,CLEAN AFTER VIA ETCH,MEASURE OXIDE THICKNESS,MEASURE FILM THICKNESS
valid_0016,STRIP RESIST,STRIP PHOTORESIST,STRIP RESIST LEVEL,SHIP LOT,FINAL CLEAN
valid_0017,CLEAN AFTER VIA ETCH,CLEAN AFTER FIELD ETCH,CLEAN AFTER METAL ETCH,DEPOSIT BARRIER METAL,MEASURE VIA CD
valid_0018,PASSIVATION ETCH,PASSIVATION ETCH PAD OPENING,CLEAN PAD OPENING,DIELECTRIC ETCH VIA,HF DIP
valid_0019,DEPOSIT BARRIER METAL,MEASURE VIA CD,DEPOSIT METAL SEED,RCA CLEAN,CLEAN AFTER VIA ETCH
valid_0020,STRIP RESIST,STRIP PHOTORESIST,STRIP RESIST LEVEL,SHIP LOT,FINAL CLEAN
valid_0021,CLEAN AFTER VIA ETCH,DEPOSIT BARRIER METAL,CLEAN AFTER METAL ETCH,MEASURE VIA CD,CLEAN AFTER FIELD ETCH
valid_0022,DEVELOP PHOTORESIST,DEVELOP PAD WINDOW,POST EXPOSE BAKE,STRIP RESIST,STRIP PHOTORESIST
valid_0023,CLEAN AFTER VIA ETCH,CLEAN AFTER METAL ETCH,DEPOSIT BARRIER METAL,CLEAN AFTER POLY ETCH,MEASURE VIA CD
valid_0024,PASSIVATION ETCH,PASSIVATION ETCH PAD OPENING,DIELECTRIC ETCH VIA,VIA ETCH,CLEAN PAD OPENING
valid_0025,CLEAN AFTER VIA ETCH,CLEAN AFTER METAL ETCH,DEPOSIT BARRIER METAL,CLEAN AFTER FIELD ETCH,MEASURE VIA CD
valid_0026,DEVELOP PAD WINDOW,DEVELOP PHOTORESIST,POST EXPOSE BAKE,STRIP RESIST,STRIP PHOTORESIST
valid_0027,STRIP RESIST,STRIP PHOTORESIST,STRIP RESIST LEVEL,SHIP LOT,DEVELOP PHOTORESIST
valid_0028,PAD WINDOW LITHO,OPEN PAD WINDOW LITHO,DRY WAFER,DRY WAFER BACKSIDE,WAFER CLEAN PRE-GRIND
valid_0029,STRIP RESIST,STRIP PHOTORESIST,STRIP RESIST LEVEL,SHIP LOT,DEVELOP PHOTORESIST
valid_0030,DEVELOP PAD WINDOW,DEVELOP PHOTORESIST,POST EXPOSE BAKE,EXPOSE LITHO LEVEL,STRIP RESIST
valid_0031,MEASURE VIA CD,DEPOSIT BARRIER METAL,CLEAN AFTER VIA ETCH,MEASURE OXIDE THICKNESS,MEASURE FILM THICKNESS
valid_0032,STRIP RESIST,STRIP PHOTORESIST,STRIP RESIST LEVEL,SHIP LOT,FINAL CLEAN
valid_0033,FILL VIA METAL,DEPOSIT BARRIER METAL,FILL VIA TUNGSTEN,DEPOSIT TUNGSTEN SEED,DEPOSIT METAL SEED
valid_0034,STRIP RESIST,STRIP PHOTORESIST,STRIP RESIST LEVEL,SHIP LOT 4,
valid_0035,DEPOSIT BARRIER METAL,MEASURE VIA CD,DEPOSIT METAL SEED,RCA CLEAN,SPIN COAT PHOTORESIST
valid_0036,CLEAN PAD OPENING,MEASURE PAD OPENING,PASSIVATION ETCH PAD OPENING,PASSIVATION ETCH 6,
valid_0037,MEASURE VIA CD,DEPOSIT BARRIER METAL,MEASURE OXIDE THICKNESS,CLEAN AFTER VIA ETCH,MEASURE FILM THICKNESS
valid_0038,STRIP RESIST,STRIP PHOTORESIST,STRIP RESIST LEVEL,SHIP LOT,FINAL CLEAN
valid_0039,CMP VIA FILL,CMP METAL,HF DIP,BACKSIDE CLEAN,FILL VIA METAL
valid_0040,MEASURE PAD OPENING,CLEAN PAD OPENING,BACKSIDE ANNEAL,INSPECT PATTERN LEVEL,OXIDE STRIP
valid_0041,MEASURE VIA CD,DEPOSIT BARRIER METAL,CLEAN AFTER VIA ETCH,MEASURE OXIDE THICKNESS,MEASURE FILM THICKNESS
valid_0042,DEVELOP PAD WINDOW,DEVELOP PHOTORESIST,POST EXPOSE BAKE,EXPOSE LITHO LEVEL,STRIP RESIST
valid_0043,MEASURE VIA CD,DEPOSIT BARRIER METAL,MEASURE OXIDE THICKNESS,CLEAN AFTER VIA ETCH,MEASURE FILM THICKNESS
valid_0044,PASSIVATION ETCH,PASSIVATION ETCH PAD OPENING,CLEAN PAD OPENING,HF DIP,DEVELOP PHOTORESIST
valid_0045,MEASURE VIA CD,DEPOSIT BARRIER METAL,MEASURE OXIDE THICKNESS,CLEAN AFTER VIA ETCH,MEASURE OXIDE QUALITY
valid_0046,PASSIVATION ETCH,PASSIVATION ETCH PAD OPENING,DIELECTRIC ETCH VIA,VIA ETCH,VIA ETCH THROUGH DIELECTRIC
valid_0047,DEPOSIT METAL SEED,POLYSILICON ANNEAL,DEPOSIT TUNGSTEN SEED,EPITAXY ANNEAL,MEASURE GATE CD
valid_0048,STRIP RESIST,STRIP PHOTORESIST,STRIP RESIST LEVEL,SHIP LOT,FINAL CLEAN
valid_0049,DEPOSIT BARRIER METAL,MEASURE VIA CD,DEPOSIT METAL SEED,RCA CLEAN,CLEAN AFTER FIELD ETCH
valid_0050,PASSIVATION ETCH,PASSIVATION ETCH PAD OPENING,DIELECTRIC ETCH VIA,VIA ETCH,VIA ETCH THROUGH DIELECTRIC
valid_0051,DEPOSIT BARRIER METAL,MEASURE VIA CD,RCA CLEAN,DEPOSIT METAL SEED,WET CLEAN RCA2
valid_0052,STRIP RESIST,STRIP PHOTORESIST,STRIP RESIST LEVEL,SHIP LOT 4,
valid_0053,CLEAN AFTER VIA ETCH,CLEAN AFTER METAL ETCH,CLEAN AFTER FIELD ETCH,DEPOSIT BARRIER METAL,MEASURE VIA CD
valid_0054,PASSIVATION ETCH,PASSIVATION ETCH PAD OPENING,DIELECTRIC ETCH VIA,VIA ETCH,FINAL OXIDE CHECK
valid_0055,DEPOSIT METAL SEED,DEPOSIT TUNGSTEN SEED,POLYSILICON ANNEAL,DEPOSIT BARRIER METAL,FILL VIA METAL
valid_0056,CLEAN PAD OPENING,MEASURE PAD OPENING,PASSIVATION ETCH PAD OPENING,PASSIVATION ETCH,HF DIP
valid_0057,STRIP RESIST,STRIP PHOTORESIST,STRIP RESIST LEVEL,SHIP LOT,DEVELOP PHOTORESIST
valid_0058,STRIP RESIST,STRIP PHOTORESIST,STRIP RESIST LEVEL,SHIP LOT,SPIN COAT PHOTORESIST
valid_0059,MEASURE VIA CD,DEPOSIT BARRIER METAL,MEASURE OXIDE THICKNESS,CLEAN AFTER VIA ETCH,MEASURE FILM THICKNESS
valid_0060,PASSIVATION ETCH,PASSIVATION ETCH PAD OPENING,DIELECTRIC ETCH VIA,DEVELOP PHOTORESIST,VIA ETCH
valid_0061,DEPOSIT BARRIER METAL,MEASURE VIA CD,DEPOSIT METAL SEED,FILL VIA TUNGSTEN,RCA CLEAN
valid_0062,DEVELOP PHOTORESIST,DEVELOP PAD WINDOW,POST EXPOSE BAKE,EXPOSE LITHO LEVEL,STRIP RESIST
valid_0063,STRIP RESIST,STRIP PHOTORESIST,STRIP RESIST LEVEL,SHIP LOT,DEVELOP PHOTORESIST
valid_0064,DEVELOP PHOTORESIST,DEVELOP PAD WINDOW,POST EXPOSE BAKE,EXPOSE LITHO LEVEL,STRIP RESIST
valid_0065,MEASURE VIA CD,DEPOSIT BARRIER METAL,MEASURE OXIDE THICKNESS,CLEAN AFTER VIA ETCH,MEASURE FILM THICKNESS
valid_0066,PASSIVATION ETCH,PASSIVATION ETCH PAD OPENING,CLEAN PAD OPENING,DIELECTRIC ETCH VIA,VIA ETCH
valid_0067,CLEAN AFTER VIA ETCH,CLEAN AFTER METAL ETCH,DEPOSIT BARRIER METAL,VIA OPENING INSPECTION,MEASURE VIA CD
valid_0068,STRIP RESIST,STRIP PHOTORESIST,STRIP RESIST LEVEL,FINAL CLEAN,SHIP LOT
valid_0069,CLEAN AFTER VIA ETCH,CLEAN AFTER METAL ETCH,DEPOSIT BARRIER METAL,CLEAN AFTER FIELD ETCH,MEASURE VIA CD
valid_0070,PASSIVATION ETCH,PASSIVATION ETCH PAD OPENING,HF DIP,CLEAN PAD OPENING,DIELECTRIC ETCH VIA
valid_0071,CLEAN AFTER VIA ETCH,CLEAN AFTER METAL ETCH,DEPOSIT BARRIER METAL,CLEAN AFTER POLY ETCH,CLEAN AFTER FIELD ETCH
valid_0072,PASSIVATION ETCH,PASSIVATION ETCH PAD OPENING,DIELECTRIC ETCH VIA,CLEAN PAD OPENING,VIA ETCH
valid_0073,MEASURE VIA CD,DEPOSIT BARRIER METAL,CLEAN AFTER VIA ETCH,MEASURE OXIDE THICKNESS,CLEAN AFTER POLY ETCH
valid_0074,STRIP RESIST,STRIP PHOTORESIST,STRIP RESIST LEVEL,SHIP LOT,FINAL CLEAN
valid_0075,MEASURE VIA CD,DEPOSIT BARRIER METAL,MEASURE OXIDE THICKNESS,CLEAN AFTER VIA ETCH,MEASURE FILM THICKNESS
valid_0076,PASSIVATION ETCH,PASSIVATION ETCH PAD OPENING,DIELECTRIC ETCH VIA,VIA ETCH,FINAL OXIDE CHECK
valid_0077,CLEAN AFTER VIA ETCH,DEPOSIT BARRIER METAL,MEASURE VIA CD,CLEAN AFTER METAL ETCH,STRIP PHOTORESIST
valid_0078,STRIP RESIST,STRIP PHOTORESIST,STRIP RESIST LEVEL,SHIP LOT,SPIN COAT PHOTORESIST
valid_0079,MEASURE VIA CD,DEPOSIT BARRIER METAL,CLEAN AFTER VIA ETCH,MEASURE OXIDE THICKNESS,MEASURE FILM THICKNESS
valid_0080,STRIP RESIST,STRIP PHOTORESIST,STRIP RESIST LEVEL,SHIP LOT,FINAL CLEAN
valid_0081,DEPOSIT BARRIER METAL,MEASURE VIA CD,RCA CLEAN,WET CLEAN RCA2,DEPOSIT METAL SEED
valid_0082,STRIP RESIST,STRIP PHOTORESIST,STRIP RESIST LEVEL,SHIP LOT,SPIN COAT PHOTORESIST
valid_0083,STRIP RESIST,STRIP PHOTORESIST,STRIP RESIST LEVEL,SHIP LOT,DEVELOP PHOTORESIST
valid_0084,PASSIVATION ETCH,PASSIVATION ETCH PAD OPENING,DEVELOP PHOTORESIST,DIELECTRIC ETCH VIA,VIA ETCH
valid_0085,MEASURE VIA CD,DEPOSIT BARRIER METAL,CLEAN AFTER VIA ETCH,MEASURE OXIDE THICKNESS,HARD BAKE
valid_0086,CLEAN PAD OPENING,MEASURE PAD OPENING,PASSIVATION ETCH PAD OPENING,PASSIVATION ETCH 6,
valid_0087,HARD BAKE,VIA ETCH THROUGH DIELECTRIC,DIELECTRIC ETCH VIA,VIA ETCH,POLYSILICON ETCH DRY
valid_0088,PAD WINDOW LITHO,OPEN PAD WINDOW LITHO,THERMAL OXIDATION,POST EXPOSE BAKE,DEVELOP PHOTORESIST
valid_0089,CLEAN AFTER VIA ETCH,CLEAN AFTER METAL ETCH,DEPOSIT BARRIER METAL,MEASURE VIA CD,VIA OPENING INSPECTION
valid_0090,STRIP RESIST,STRIP PHOTORESIST,STRIP RESIST LEVEL,SHIP LOT,FINAL CLEAN
valid_0091,MEASURE VIA CD,DEPOSIT BARRIER METAL,MEASURE OXIDE THICKNESS,CLEAN AFTER VIA ETCH,MEASURE FILM THICKNESS
valid_0092,DEVELOP PHOTORESIST,DEVELOP PAD WINDOW,POST EXPOSE BAKE,EXPOSE LITHO LEVEL,STRIP RESIST
valid_0093,STRIP RESIST,STRIP PHOTORESIST,STRIP RESIST LEVEL,DEVELOP PHOTORESIST,SHIP LOT
valid_0094,STRIP RESIST,STRIP PHOTORESIST,STRIP RESIST LEVEL,SHIP LOT,FINAL CLEAN
valid_0095,MEASURE VIA CD,DEPOSIT BARRIER METAL,MEASURE OXIDE THICKNESS,CLEAN AFTER VIA ETCH,MEASURE FILM THICKNESS
valid_0096,STRIP RESIST,STRIP PHOTORESIST,STRIP RESIST LEVEL,SHIP LOT,FINAL CLEAN
valid_0097,CLEAN AFTER VIA ETCH,CLEAN AFTER METAL ETCH,CLEAN AFTER FIELD ETCH,DEPOSIT BARRIER METAL,MEASURE VIA CD
valid_0098,PASSIVATION ETCH,PASSIVATION ETCH PAD OPENING,HF DIP,DIELECTRIC ETCH VIA,DEVELOP PHOTORESIST
valid_0099,FILL VIA METAL,FILL VIA TUNGSTEN,DEPOSIT TUNGSTEN SEED,CLEAN AFTER VIA ETCH,CURE PASSIVATION
valid_0100,CLEAN PAD OPENING,MEASURE PAD OPENING,PASSIVATION ETCH PAD OPENING 6,PASSIVATION ETCH,
valid_0101,CLEAN AFTER VIA ETCH,DEPOSIT BARRIER METAL,MEASURE VIA CD,VIA OPENING INSPECTION,STRIP PHOTORESIST
valid_0102,STRIP RESIST,STRIP PHOTORESIST,STRIP RESIST LEVEL,SHIP LOT,FINAL CLEAN
valid_0103,DEPOSIT BARRIER METAL,MEASURE VIA CD,DEPOSIT METAL SEED,CLEAN AFTER VIA ETCH,RCA CLEAN
valid_0104,PASSIVATION ETCH,PASSIVATION ETCH PAD OPENING,CLEAN PAD OPENING,HF DIP,DEVELOP PHOTORESIST
valid_0105,DEPOSIT BARRIER METAL,MEASURE VIA CD,DEPOSIT METAL SEED,RCA CLEAN,CLEAN AFTER VIA ETCH
valid_0106,STRIP RESIST,STRIP PHOTORESIST,STRIP RESIST LEVEL,SHIP LOT,FINAL CLEAN
valid_0107,DEPOSIT METAL SEED,DEPOSIT TUNGSTEN SEED,POLYSILICON ANNEAL,DEPOSIT BARRIER METAL,EPITAXY ANNEAL
valid_0108,PASSIVATION ETCH,PASSIVATION ETCH PAD OPENING,HF DIP,DIELECTRIC ETCH VIA,CLEAN PAD OPENING
valid_0109,CLEAN AFTER VIA ETCH,CLEAN AFTER METAL ETCH,DEPOSIT BARRIER METAL,CLEAN AFTER FIELD ETCH,MEASURE VIA CD
valid_0110,DEVELOP PHOTORESIST,DEVELOP PAD WINDOW,POST EXPOSE BAKE,STRIP PHOTORESIST,STRIP RESIST
valid_0111,CLEAN AFTER VIA ETCH,CLEAN AFTER METAL ETCH,DEPOSIT BARRIER METAL,VIA OPENING INSPECTION,MEASURE VIA CD
valid_0112,STRIP RESIST,STRIP PHOTORESIST,STRIP RESIST LEVEL,SHIP LOT,FINAL CLEAN
valid_0113,MEASURE VIA CD,DEPOSIT BARRIER METAL,MEASURE OXIDE THICKNESS,CLEAN AFTER VIA ETCH,MEASURE FILM THICKNESS
valid_0114,CLEAN PAD OPENING,MEASURE PAD OPENING,PASSIVATION ETCH PAD OPENING,PASSIVATION ETCH 6,
valid_0115,MEASURE VIA CD,DEPOSIT BARRIER METAL,MEASURE OXIDE THICKNESS,CLEAN AFTER VIA ETCH,MEASURE FILM THICKNESS
valid_0116,STRIP RESIST,STRIP PHOTORESIST,STRIP RESIST LEVEL,SHIP LOT,FINAL CLEAN
valid_0117,CLEAN AFTER VIA ETCH,CLEAN AFTER METAL ETCH,DEPOSIT BARRIER METAL,VIA OPENING INSPECTION,STRIP PHOTORESIST
valid_0118,PASSIVATION ETCH,PASSIVATION ETCH PAD OPENING,HF DIP,CLEAN PAD OPENING,DIELECTRIC ETCH VIA
valid_0119,DEPOSIT BARRIER METAL,MEASURE VIA CD,DEPOSIT METAL SEED,RCA CLEAN,CLEAN AFTER VIA ETCH
valid_0120,CLEAN PAD OPENING,MEASURE PAD OPENING,PASSIVATION ETCH PAD OPENING,PASSIVATION ETCH 6,
valid_0121,MEASURE VIA CD,DEPOSIT BARRIER METAL,MEASURE OXIDE THICKNESS,CLEAN AFTER VIA ETCH,MEASURE FILM THICKNESS
valid_0122,PASSIVATION ETCH,PASSIVATION ETCH PAD OPENING,DIELECTRIC ETCH VIA,VIA ETCH,VIA ETCH THROUGH DIELECTRIC
valid_0123,FILL VIA METAL,FILL VIA TUNGSTEN,CLEAN AFTER VIA ETCH,DEPOSIT TUNGSTEN SEED,DEPOSIT BARRIER METAL
valid_0124,CLEAN PAD OPENING,MEASURE PAD OPENING,CLEAN AFTER ETCH,PASSIVATION ETCH PAD OPENING,PASSIVATION ETCH
valid_0125,MEASURE VIA CD,DEPOSIT BARRIER METAL,MEASURE OXIDE THICKNESS,CLEAN AFTER VIA ETCH,MEASURE FILM THICKNESS
valid_0126,STRIP RESIST,STRIP PHOTORESIST,STRIP RESIST LEVEL,FINAL CLEAN,SPIN COAT PHOTORESIST
valid_0127,CLEAN AFTER VIA ETCH,CLEAN AFTER METAL ETCH,CLEAN AFTER FIELD ETCH,DEPOSIT BARRIER METAL,MEASURE VIA CD
valid_0128,STRIP RESIST,STRIP PHOTORESIST,STRIP RESIST LEVEL,SHIP LOT,FINAL CLEAN
valid_0129,HARD BAKE,VIA ETCH THROUGH DIELECTRIC,DIELECTRIC ETCH VIA,VIA ETCH,METAL ETCH DRY
valid_0130,DEVELOP PAD WINDOW,DEVELOP PHOTORESIST,POST EXPOSE BAKE,EXPOSE LITHO LEVEL,STRIP RESIST
valid_0131,DEPOSIT METAL SEED,POLYSILICON ANNEAL,DEPOSIT TUNGSTEN SEED,MEASURE GATE CD,DEPOSIT BARRIER METAL
valid_0132,CLEAN PAD OPENING,MEASURE PAD OPENING 6,PASSIVATION ETCH PAD OPENING,PASSIVATION ETCH,
valid_0133,DEPOSIT METAL SEED,DEPOSIT TUNGSTEN SEED,POLYSILICON ANNEAL,EPITAXY ANNEAL,CLEAN AFTER VIA ETCH
valid_0134,CLEAN PAD OPENING,MEASURE PAD OPENING,PASSIVATION ETCH PAD OPENING,PASSIVATION ETCH,CLEAN AFTER ETCH
valid_0135,DEPOSIT METAL SEED,POLYSILICON ANNEAL,DEPOSIT TUNGSTEN SEED,DEPOSIT BARRIER METAL,EPITAXY ANNEAL
valid_0136,CLEAN PAD OPENING,MEASURE PAD OPENING,PASSIVATION ETCH PAD OPENING,PASSIVATION ETCH 6,
valid_0137,MEASURE VIA CD,DEPOSIT BARRIER METAL,MEASURE OXIDE THICKNESS,CLEAN AFTER VIA ETCH,MEASURE FILM THICKNESS
valid_0138,PASSIVATION ETCH,PASSIVATION ETCH PAD OPENING,HF DIP,DIELECTRIC ETCH VIA,CLEAN PAD OPENING
valid_0139,CLEAN AFTER VIA ETCH,CLEAN AFTER FIELD ETCH,CLEAN AFTER METAL ETCH,DEPOSIT BARRIER METAL,MEASURE VIA CD
valid_0140,STRIP RESIST,STRIP PHOTORESIST,STRIP RESIST LEVEL,SHIP LOT,SPIN COAT PHOTORESIST
valid_0141,DEPOSIT BARRIER METAL,MEASURE VIA CD,DEPOSIT METAL SEED,RCA CLEAN,CLEAN AFTER VIA ETCH
valid_0142,STRIP RESIST,STRIP PHOTORESIST,STRIP RESIST LEVEL,SHIP LOT,SPIN COAT PHOTORESIST
valid_0143,DEPOSIT METAL SEED,DEPOSIT TUNGSTEN SEED,POLYSILICON ANNEAL,DEPOSIT BARRIER METAL,FILL VIA METAL
valid_0144,PASSIVATION ETCH,PASSIVATION ETCH PAD OPENING,CLEAN PAD OPENING,HF DIP,DIELECTRIC ETCH VIA
valid_0145,MEASURE VIA CD,DEPOSIT BARRIER METAL,MEASURE OXIDE THICKNESS,CLEAN AFTER VIA ETCH,MEASURE FILM THICKNESS
valid_0146,PASSIVATION ETCH,PASSIVATION ETCH PAD OPENING,CLEAN PAD OPENING,HF DIP,DIELECTRIC ETCH VIA
valid_0147,MEASURE VIA CD,DEPOSIT BARRIER METAL,MEASURE OXIDE THICKNESS,CLEAN AFTER VIA ETCH,MEASURE FILM THICKNESS
valid_0148,STRIP RESIST,STRIP PHOTORESIST,STRIP RESIST LEVEL,SHIP LOT,FINAL CLEAN
valid_0149,MEASURE VIA CD,DEPOSIT BARRIER METAL,MEASURE OXIDE THICKNESS,CLEAN AFTER VIA ETCH,MEASURE FILM THICKNESS
valid_0150,STRIP RESIST,STRIP PHOTORESIST,STRIP RESIST LEVEL,SHIP LOT,FINAL CLEAN
valid_0151,MEASURE VIA CD,DEPOSIT BARRIER METAL,CLEAN AFTER VIA ETCH,MEASURE OXIDE THICKNESS,MEASURE FILM THICKNESS
valid_0152,DEVELOP PHOTORESIST,DEVELOP PAD WINDOW,POST EXPOSE BAKE,EXPOSE LITHO LEVEL,STRIP PHOTORESIST
valid_0153,MEASURE VIA CD,DEPOSIT BARRIER METAL,CLEAN AFTER VIA ETCH,MEASURE OXIDE THICKNESS,MEASURE FILM THICKNESS
valid_0154,DEVELOP PHOTORESIST,DEVELOP PAD WINDOW,POST EXPOSE BAKE,STRIP RESIST,STRIP PHOTORESIST
valid_0155,CLEAN AFTER VIA ETCH,CLEAN AFTER METAL ETCH,DEPOSIT BARRIER METAL,CLEAN AFTER FIELD ETCH,MEASURE VIA CD
valid_0156,STRIP RESIST,STRIP PHOTORESIST,STRIP RESIST LEVEL,FINAL CLEAN,SHIP LOT
valid_0157,DEPOSIT BARRIER METAL,MEASURE VIA CD,DEPOSIT METAL SEED,RCA CLEAN,SPIN COAT PHOTORESIST
valid_0158,PASSIVATION ETCH,PASSIVATION ETCH PAD OPENING,HF DIP,DIELECTRIC ETCH VIA,CLEAN PAD OPENING
valid_0159,MEASURE VIA CD,DEPOSIT BARRIER METAL,MEASURE OXIDE THICKNESS,CLEAN AFTER VIA ETCH,MEASURE FILM THICKNESS
valid_0160,STRIP RESIST,STRIP PHOTORESIST,STRIP RESIST LEVEL,SHIP LOT,FINAL CLEAN
valid_0161,STRIP RESIST,STRIP PHOTORESIST,STRIP RESIST LEVEL,SHIP LOT,DEVELOP PHOTORESIST
valid_0162,DEVELOP PHOTORESIST,DEVELOP PAD WINDOW,POST EXPOSE BAKE,EXPOSE LITHO LEVEL,STRIP RESIST
valid_0163,MEASURE VIA CD,DEPOSIT BARRIER METAL,CLEAN AFTER VIA ETCH,MEASURE OXIDE THICKNESS,MEASURE FILM THICKNESS
valid_0164,STRIP RESIST,STRIP PHOTORESIST,STRIP RESIST LEVEL,SHIP LOT,FINAL CLEAN
valid_0165,MEASURE VIA CD,DEPOSIT BARRIER METAL,CLEAN AFTER VIA ETCH,MEASURE OXIDE THICKNESS,MEASURE FILM THICKNESS
valid_0166,STRIP RESIST,STRIP PHOTORESIST,STRIP RESIST LEVEL,SHIP LOT,FINAL CLEAN
valid_0167,DEPOSIT BARRIER METAL,MEASURE VIA CD,DEPOSIT METAL SEED,RCA CLEAN,SPIN COAT PHOTORESIST
valid_0168,CLEAN PAD OPENING,MEASURE PAD OPENING,PASSIVATION ETCH PAD OPENING,PASSIVATION ETCH 6,
valid_0169,STRIP RESIST,STRIP PHOTORESIST,STRIP RESIST LEVEL,SHIP LOT,DEVELOP PHOTORESIST
valid_0170,STRIP RESIST,STRIP PHOTORESIST,STRIP RESIST LEVEL,SHIP LOT,SPIN COAT PHOTORESIST
valid_0171,DEPOSIT METAL SEED,DEPOSIT TUNGSTEN SEED,POLYSILICON ANNEAL,EPITAXY ANNEAL,SHIP LOT
valid_0172,STRIP RESIST,STRIP PHOTORESIST,STRIP RESIST LEVEL,FINAL CLEAN,SHIP LOT
valid_0173,MEASURE VIA CD,DEPOSIT BARRIER METAL,MEASURE OXIDE THICKNESS,CLEAN AFTER VIA ETCH,MEASURE FILM THICKNESS
valid_0174,PASSIVATION ETCH,PASSIVATION ETCH PAD OPENING,CLEAN PAD OPENING,HF DIP,DIELECTRIC ETCH VIA
valid_0175,MEASURE VIA CD,DEPOSIT BARRIER METAL,MEASURE OXIDE THICKNESS,CLEAN AFTER VIA ETCH,MEASURE FILM THICKNESS
valid_0176,STRIP RESIST,STRIP PHOTORESIST,STRIP RESIST LEVEL 4,SHIP LOT,
valid_0177,DEPOSIT METAL SEED,DEPOSIT TUNGSTEN SEED,POLYSILICON ANNEAL,EPITAXY ANNEAL,CLEAN AFTER VIA ETCH
valid_0178,STRIP RESIST,STRIP PHOTORESIST,STRIP RESIST LEVEL,SHIP LOT,SPIN COAT PHOTORESIST
valid_0179,FILL VIA METAL,FILL VIA TUNGSTEN,DEPOSIT TUNGSTEN SEED,DEPOSIT BARRIER METAL,DEPOSIT METAL SEED
valid_0180,MEASURE PAD OPENING,DEVELOP PHOTORESIST,CLEAN PAD OPENING,INSPECT PATTERN LEVEL,EXPOSE LITHO LEVEL
valid_0181,STRIP RESIST,STRIP PHOTORESIST,STRIP RESIST LEVEL,SHIP LOT,DEVELOP PHOTORESIST
valid_0182,DEVELOP PHOTORESIST,DEVELOP PAD WINDOW,POST EXPOSE BAKE,EXPOSE LITHO LEVEL,STRIP RESIST
valid_0183,DEPOSIT BARRIER METAL,MEASURE VIA CD,RCA CLEAN,WET CLEAN RCA2,FILL VIA TUNGSTEN
valid_0184,STRIP RESIST,STRIP PHOTORESIST,STRIP RESIST LEVEL,FINAL CLEAN,SHIP LOT
valid_0185,DEPOSIT BARRIER METAL,MEASURE VIA CD,DEPOSIT METAL SEED,SPIN COAT PHOTORESIST,RCA CLEAN
valid_0186,STRIP RESIST,STRIP PHOTORESIST,STRIP RESIST LEVEL,SHIP LOT,FINAL CLEAN
valid_0187,STRIP RESIST,STRIP PHOTORESIST,STRIP RESIST LEVEL,SHIP LOT,DEVELOP PHOTORESIST
valid_0188,STRIP RESIST,STRIP PHOTORESIST,STRIP RESIST LEVEL,FINAL CLEAN,SPIN COAT PHOTORESIST
valid_0189,MEASURE VIA CD,DEPOSIT BARRIER METAL,MEASURE OXIDE THICKNESS,CLEAN AFTER VIA ETCH,MEASURE OXIDE QUALITY
valid_0190,PASSIVATION ETCH,PASSIVATION ETCH PAD OPENING,DIELECTRIC ETCH VIA,VIA ETCH,VIA ETCH THROUGH DIELECTRIC
valid_0191,VIA ETCH THROUGH DIELECTRIC,DIELECTRIC ETCH VIA,VIA ETCH,HARD BAKE,POLYSILICON ETCH
valid_0192,STRIP RESIST,STRIP PHOTORESIST,STRIP RESIST LEVEL,SHIP LOT 4,
valid_0193,CLEAN AFTER VIA ETCH,CLEAN AFTER METAL ETCH,DEPOSIT BARRIER METAL,CLEAN AFTER FIELD ETCH,MEASURE VIA CD
valid_0194,PASSIVATION ETCH,PASSIVATION ETCH PAD OPENING,CLEAN PAD OPENING,DIELECTRIC ETCH VIA,VIA ETCH
valid_0195,MEASURE VIA CD,DEPOSIT BARRIER METAL,CLEAN AFTER VIA ETCH,MEASURE OXIDE THICKNESS,MEASURE FILM THICKNESS
valid_0196,CLEAN PAD OPENING,MEASURE PAD OPENING,PASSIVATION ETCH PAD OPENING,PASSIVATION ETCH,DEPOSIT PAD OXIDE
valid_0197,STRIP RESIST,STRIP PHOTORESIST,STRIP RESIST LEVEL,SHIP LOT,HARD BAKE
valid_0198,STRIP RESIST,STRIP PHOTORESIST,STRIP RESIST LEVEL,SHIP LOT,FINAL CLEAN
valid_0199,MEASURE VIA CD,DEPOSIT BARRIER METAL,CLEAN AFTER VIA ETCH,MEASURE OXIDE THICKNESS,MEASURE FILM THICKNESS
valid_0200,STRIP RESIST,STRIP PHOTORESIST,STRIP RESIST LEVEL,SHIP LOT,FINAL CLEAN
valid_0201,CMP INTERLAYER DIELECTRIC,CMP DIELECTRIC,IMPLANT LDD,MEASURE SPACER WIDTH,METAL PATTERN INSPECTION
valid_0202,DEPOSIT PASSIVATION LAYER,DEPOSIT PASSIVATION,MEASURE LINE WIDTH,HF DIP,CURE PASSIVATION
valid_0203,SPIN COAT PHOTORESIST,MEASURE METAL THICKNESS,MEASURE POLY THICKNESS,MEASURE FILM THICKNESS 4,
valid_0204,DEPOSIT PASSIVATION LAYER,DEPOSIT PASSIVATION,MEASURE LINE WIDTH,HF DIP,CURE PASSIVATION
valid_0205,SPIN COAT PHOTORESIST,MEASURE METAL THICKNESS,MEASURE POLY THICKNESS,MEASURE FILM THICKNESS 4,
valid_0206,CURE PASSIVATION,ETCH WET BACKSIDE,ANNEAL DIELECTRIC,PASSIVATION ETCH PAD OPENING,GATE OXIDE GROWTH
valid_0207,CMP INTERLAYER DIELECTRIC,CMP DIELECTRIC,IMPLANT LDD,MEASURE SPACER WIDTH,METAL PATTERN INSPECTION
valid_0208,DEPOSIT PASSIVATION,DEPOSIT PASSIVATION LAYER,MEASURE LINE WIDTH,HF DIP,CURE PASSIVATION
valid_0209,CMP INTERLAYER DIELECTRIC,CMP DIELECTRIC,IMPLANT LDD,MEASURE SPACER WIDTH,MEASURE DIELECTRIC THICKNESS
valid_0210,DEPOSIT PASSIVATION,DEPOSIT PASSIVATION LAYER,MEASURE LINE WIDTH,HF DIP,CURE PASSIVATION
valid_0211,MEASURE PLANARITY,MEASURE SURFACE PLANARITY,METAL ETCH DRY,MEASURE POLY THICKNESS,MEASURE FILM THICKNESS
valid_0212,DEPOSIT PASSIVATION LAYER,DEPOSIT PASSIVATION,MEASURE LINE WIDTH,HF DIP,CURE PASSIVATION
valid_0213,SPIN COAT PHOTORESIST,MEASURE POLY THICKNESS,MEASURE METAL THICKNESS,MEASURE FILM THICKNESS 4,
valid_0214,CURE PASSIVATION,DEPOSIT PASSIVATION LAYER,DEPOSIT PASSIVATION,ETCH WET BACKSIDE,MEASURE SHEET RESISTANCE
valid_0215,MEASURE PLANARITY,MEASURE SURFACE PLANARITY,METAL ETCH DRY,MEASURE POLY THICKNESS,MEASURE FILM THICKNESS
valid_0216,MEASURE PASSIVATION QUALITY,MEASURE PASSIVATION THICKNESS,HF DIP,CLEAN AFTER FIELD ETCH,LEAKAGE TEST
valid_0217,CMP INTERLAYER DIELECTRIC,CMP DIELECTRIC,IMPLANT LDD,MEASURE SPACER WIDTH,MEASURE SURFACE PLANARITY
valid_0218,MEASURE LINE WIDTH,DEPOSIT PASSIVATION LAYER,DEPOSIT PASSIVATION,MEASURE GEOMETRY,THERMAL OXIDATION
valid_0219,SOFT BAKE,EXPOSE LITHO LEVEL,HARD BAKE,VIA ETCH THROUGH DIELECTRIC,VIA ETCH
valid_0220,MEASURE PASSIVATION QUALITY,MEASURE PASSIVATION THICKNESS,HF DIP,CLEAN AFTER FIELD ETCH,MEASURE SURFACE PARTICLES
valid_0221,MEASURE PLANARITY,MEASURE SURFACE PLANARITY,METAL ETCH DRY,MEASURE POLY THICKNESS,MEASURE FILM THICKNESS
valid_0222,MEASURE PASSIVATION QUALITY,MEASURE PASSIVATION THICKNESS,HF DIP,MEASURE SURFACE PARTICLES,PRE CLEAN WAFER
valid_0223,MEASURE PLANARITY,MEASURE SURFACE PLANARITY,METAL ETCH DRY,MEASURE POLY THICKNESS,SOFT BAKE
valid_0224,CURE PASSIVATION,DEPOSIT PASSIVATION LAYER,DEPOSIT PASSIVATION,ETCH WET BACKSIDE,CLEAN AFTER ETCH
valid_0225,SPIN COAT PHOTORESIST,MEASURE METAL THICKNESS,MEASURE POLY THICKNESS,MEASURE FILM THICKNESS 4,
valid_0226,CURE PASSIVATION,DEPOSIT PASSIVATION LAYER,DEPOSIT PASSIVATION,CLEAN AFTER ETCH,ETCH WET BACKSIDE
valid_0227,MEASURE DIELECTRIC THICKNESS,MEASURE FILM THICKNESS,SPIN COAT PHOTORESIST,MEASURE OXIDE THICKNESS 1,
valid_0228,DEPOSIT PASSIVATION LAYER,DEPOSIT PASSIVATION,MEASURE LINE WIDTH,HF DIP,CURE PASSIVATION
valid_0229,SPIN COAT PHOTORESIST,MEASURE METAL THICKNESS,MEASURE POLY THICKNESS 4,MEASURE FILM THICKNESS,
valid_0230,CURE PASSIVATION,DEPOSIT PASSIVATION LAYER,DEPOSIT PASSIVATION,ETCH WET BACKSIDE,FINAL CLEAN
valid_0231,DENSIFY OXIDE,DENSIFY DIELECTRIC,MEASURE FILM THICKNESS,MEASURE DIELECTRIC THICKNESS,RCA CLEAN
valid_0232,MEASURE LINE WIDTH,DEPOSIT PASSIVATION LAYER,DEPOSIT PASSIVATION,MEASURE GEOMETRY,THERMAL OXIDATION
valid_0233,SOFT BAKE,HARD BAKE,MEASURE LINE WIDTH,EXPOSE LITHO LEVEL,VIA ETCH THROUGH DIELECTRIC
valid_0234,CURE PASSIVATION,DEPOSIT PASSIVATION LAYER,DEPOSIT PASSIVATION,ETCH WET BACKSIDE,MEASURE SHEET RESISTANCE
valid_0235,CMP INTERLAYER DIELECTRIC,CMP DIELECTRIC,IMPLANT LDD,MEASURE SPACER WIDTH,METAL PATTERN INSPECTION
valid_0236,MEASURE LINE WIDTH,DEPOSIT PASSIVATION LAYER,DEPOSIT PASSIVATION,MEASURE GEOMETRY,THERMAL OXIDATION
valid_0237,SPIN COAT PHOTORESIST,MEASURE METAL THICKNESS,MEASURE POLY THICKNESS,MEASURE FILM THICKNESS 4,
valid_0238,CURE PASSIVATION,DEPOSIT PASSIVATION LAYER,DEPOSIT PASSIVATION,MEASURE SHEET RESISTANCE,ALIGN MASK LEVEL
valid_0239,MEASURE PLANARITY,MEASURE SURFACE PLANARITY,METAL ETCH DRY,MEASURE POLY THICKNESS,MEASURE FILM THICKNESS
valid_0240,CURE PASSIVATION,DEPOSIT PASSIVATION LAYER,DEPOSIT PASSIVATION,MEASURE SHEET RESISTANCE,PASSIVATION ETCH PAD OPENING
valid_0241,MEASURE DIELECTRIC THICKNESS,MEASURE FILM THICKNESS,SPIN COAT PHOTORESIST,MEASURE OXIDE THICKNESS,MEASURE METAL THICKNESS
valid_0242,CURE PASSIVATION,DEPOSIT PASSIVATION LAYER,DEPOSIT PASSIVATION,ETCH WET BACKSIDE,CLEAN AFTER ETCH
valid_0243,CMP INTERLAYER DIELECTRIC,CMP DIELECTRIC,IMPLANT LDD,MEASURE SPACER WIDTH,MEASURE SURFACE PARTICLES
valid_0244,MEASURE LINE WIDTH,DEPOSIT PASSIVATION LAYER,DEPOSIT PASSIVATION,OXIDE ETCH,HARD BAKE
valid_0245,SPIN COAT PHOTORESIST,MEASURE POLY THICKNESS,MEASURE METAL THICKNESS 4,MEASURE FILM THICKNESS,
valid_0246,MEASURE PASSIVATION QUALITY,MEASURE PASSIVATION THICKNESS,HF DIP,MEASURE SURFACE PARTICLES,SUBSTRATE CHECK
valid_0247,SPIN COAT PHOTORESIST,MEASURE POLY THICKNESS,MEASURE METAL THICKNESS 4,CMP DIELECTRIC,
valid_0248,CURE PASSIVATION,CLEAN AFTER OXIDE ETCH,GATE OXIDE GROWTH,PASSIVATION ETCH PAD OPENING,PASSIVATION ETCH
valid_0249,SOFT BAKE,HARD BAKE,EXPOSE LITHO LEVEL,VIA ETCH THROUGH DIELECTRIC,VIA ETCH
valid_0250,CURE PASSIVATION,CLEAN PAD OPENING,CLEAN AFTER OXIDE ETCH,ANNEAL DIELECTRIC,CLEAN AFTER ETCH
valid_0251,MEASURE PLANARITY,MEASURE SURFACE PLANARITY,METAL ETCH DRY,MEASURE POLY THICKNESS,ANNEAL POLYSILICON
valid_0252,MEASURE PASSIVATION QUALITY,MEASURE PASSIVATION THICKNESS,HF DIP,MEASURE SURFACE PARTICLES,SUBSTRATE CHECK
valid_0253,SPIN COAT PHOTORESIST,MEASURE POLY THICKNESS,MEASURE METAL THICKNESS 4,CMP DIELECTRIC,
valid_0254,MEASURE PASSIVATION QUALITY,MEASURE PASSIVATION THICKNESS,HF DIP,MEASURE SURFACE PARTICLES,SUBSTRATE CHECK
valid_0255,MEASURE PLANARITY,MEASURE SURFACE PLANARITY,MEASURE POLY THICKNESS,METAL ETCH DRY,MEASURE THICKNESS
valid_0256,MEASURE PASSIVATION QUALITY,MEASURE PASSIVATION THICKNESS,HF DIP,SUBSTRATE CHECK,MEASURE SURFACE PARTICLES
valid_0257,SPIN COAT PHOTORESIST,MEASURE METAL THICKNESS,MEASURE POLY THICKNESS,MEASURE FILM THICKNESS 4,
valid_0258,CURE PASSIVATION,DEPOSIT PASSIVATION LAYER,DEPOSIT PASSIVATION,ETCH WET BACKSIDE,MEASURE SHEET RESISTANCE
valid_0259,MEASURE PLANARITY,MEASURE SURFACE PLANARITY,MEASURE FILM THICKNESS,METAL ETCH DRY,MEASURE POLY THICKNESS
valid_0260,CURE PASSIVATION,DEPOSIT PASSIVATION LAYER,DEPOSIT PASSIVATION,MEASURE SHEET RESISTANCE,PASSIVATION ETCH PAD OPENING
valid_0261,MEASURE PLANARITY,MEASURE SURFACE PLANARITY,METAL ETCH DRY,MEASURE POLY THICKNESS,MEASURE FILM THICKNESS
valid_0262,CURE PASSIVATION,DEPOSIT PASSIVATION LAYER,DEPOSIT PASSIVATION,MEASURE SHEET RESISTANCE,PASSIVATION ETCH PAD OPENING
valid_0263,CMP INTERLAYER DIELECTRIC,CMP DIELECTRIC,IMPLANT LDD,MEASURE SPACER WIDTH,DENSIFY DIELECTRIC
valid_0264,CURE PASSIVATION,GATE OXIDE GROWTH,CLEAN AFTER OXIDE ETCH,MEASURE EPITAXY THICKNESS,ETCH WET BACKSIDE
valid_0265,MEASURE DIELECTRIC THICKNESS,MEASURE FILM THICKNESS,SPIN COAT PHOTORESIST,MEASURE OXIDE THICKNESS 1,
valid_0266,CURE PASSIVATION,DEPOSIT PASSIVATION LAYER,DEPOSIT PASSIVATION,MEASURE SHEET RESISTANCE,CLEAN AFTER FIELD ETCH
valid_0267,SOFT BAKE,HARD BAKE,MEASURE LINE WIDTH,EXPOSE LITHO LEVEL,VIA ETCH THROUGH DIELECTRIC
valid_0268,CURE PASSIVATION,DEPOSIT PASSIVATION LAYER,DEPOSIT PASSIVATION,ETCH WET BACKSIDE,MEASURE SHEET RESISTANCE
valid_0269,SPIN COAT PHOTORESIST,MEASURE METAL THICKNESS,MEASURE POLY THICKNESS,MEASURE FILM THICKNESS 1,
valid_0270,MEASURE PASSIVATION QUALITY,MEASURE PASSIVATION THICKNESS,HF DIP,MEASURE SURFACE PARTICLES,PRE CLEAN WAFER
valid_0271,MEASURE PLANARITY,MEASURE SURFACE PLANARITY,MEASURE POLY THICKNESS,MEASURE THICKNESS,SOFT BAKE
valid_0272,CURE PASSIVATION,DEPOSIT PASSIVATION LAYER,DEPOSIT PASSIVATION,MEASURE SHEET RESISTANCE,ALIGN MASK LEVEL
valid_0273,MEASURE DIELECTRIC THICKNESS,MEASURE FILM THICKNESS,SPIN COAT PHOTORESIST,MEASURE OXIDE THICKNESS,MEASURE METAL THICKNESS
valid_0274,DEPOSIT PASSIVATION LAYER,DEPOSIT PASSIVATION,MEASURE LINE WIDTH,HF DIP,CURE PASSIVATION
valid_0275,SPIN COAT PHOTORESIST,MEASURE METAL THICKNESS,MEASURE POLY THICKNESS,MEASURE FILM THICKNESS 4,
valid_0276,CURE PASSIVATION,DEPOSIT PASSIVATION LAYER,DEPOSIT PASSIVATION,ETCH WET BACKSIDE,MEASURE SHEET RESISTANCE
valid_0277,SPIN COAT PHOTORESIST,MEASURE METAL THICKNESS,MEASURE POLY THICKNESS 4,CMP DIELECTRIC,
valid_0278,MEASURE PASSIVATION QUALITY,MEASURE PASSIVATION THICKNESS,HF DIP,MEASURE SURFACE PARTICLES,PRE CLEAN WAFER
valid_0279,SPIN COAT PHOTORESIST,MEASURE METAL THICKNESS,MEASURE POLY THICKNESS,MEASURE FILM THICKNESS 4,
valid_0280,CURE PASSIVATION,DEPOSIT PASSIVATION LAYER,DEPOSIT PASSIVATION,MEASURE SHEET RESISTANCE,OPEN PAD WINDOW
valid_0281,DENSIFY OXIDE,DENSIFY DIELECTRIC,MEASURE FILM THICKNESS,MEASURE DIELECTRIC THICKNESS,RCA CLEAN
valid_0282,CLEAN AFTER METAL ETCH,METAL PATTERN INSPECTION,DEPOSIT SPACER DIELECTRIC,MEASURE BACKSIDE ROUGHNESS,OXIDE STRIP
valid_0283,MEASURE PLANARITY,MEASURE SURFACE PLANARITY,MEASURE POLY THICKNESS,MEASURE FILM THICKNESS,METAL ETCH DRY
valid_0284,CURE PASSIVATION,DEPOSIT PASSIVATION LAYER,DEPOSIT PASSIVATION,MEASURE SHEET RESISTANCE,PASSIVATION ETCH PAD OPENING
valid_0285,MEASURE DIELECTRIC THICKNESS,MEASURE FILM THICKNESS,SPIN COAT PHOTORESIST,MEASURE METAL THICKNESS,MEASURE OXIDE THICKNESS
valid_0286,DEPOSIT PASSIVATION LAYER,DEPOSIT PASSIVATION,MEASURE LINE WIDTH,HF DIP,DEVELOP PHOTORESIST
valid_0287,EXPOSE LITHO LEVEL,DEVELOP PHOTORESIST,POST EXPOSE BAKE,ALIGN MASK LEVEL,SPIN COAT PHOTORESIST
valid_0288,MEASURE PASSIVATION QUALITY,MEASURE PASSIVATION THICKNESS,HF DIP,MEASURE SURFACE PARTICLES,PRE CLEAN WAFER
valid_0289,SPIN COAT PHOTORESIST,MEASURE METAL THICKNESS,MEASURE POLY THICKNESS,CMP DIELECTRIC 4,
valid_0290,DEPOSIT PASSIVATION LAYER,DEPOSIT PASSIVATION,MEASURE LINE WIDTH,HF DIP,CURE PASSIVATION
valid_0291,SPIN COAT PHOTORESIST,MEASURE METAL THICKNESS,MEASURE POLY THICKNESS,MEASURE FILM THICKNESS 4,
valid_0292,CURE PASSIVATION,DEPOSIT PASSIVATION LAYER,DEPOSIT PASSIVATION,ETCH WET BACKSIDE,MEASURE SHEET RESISTANCE
valid_0293,SPIN COAT PHOTORESIST,MEASURE METAL THICKNESS,MEASURE POLY THICKNESS,MEASURE FILM THICKNESS 1,
valid_0294,DEPOSIT PASSIVATION LAYER,DEPOSIT PASSIVATION,MEASURE LINE WIDTH,HF DIP,CURE PASSIVATION
valid_0295,MEASURE PLANARITY,MEASURE SURFACE PLANARITY,MEASURE THICKNESS,MEASURE SURFACE PARTICLES,STRIP RESIST
valid_0296,CURE PASSIVATION,CLEAN PAD OPENING,ANNEAL DIELECTRIC,CLEAN AFTER OXIDE ETCH,FINAL CLEAN
valid_0297,MEASURE DIELECTRIC THICKNESS,MEASURE FILM THICKNESS,MEASURE OXIDE THICKNESS,SPIN COAT PHOTORESIST,MEASURE PLANARITY
valid_0298,MEASURE LINE WIDTH,DEPOSIT PASSIVATION LAYER,DEPOSIT PASSIVATION,MEASURE GEOMETRY,THERMAL OXIDATION
valid_0299,MEASURE PLANARITY,MEASURE SURFACE PLANARITY,METAL ETCH DRY,MEASURE POLY THICKNESS,MEASURE THICKNESS
valid_0300,CURE PASSIVATION,DEPOSIT PASSIVATION LAYER,DEPOSIT PASSIVATION,MEASURE SHEET RESISTANCE,PASSIVATION ETCH PAD OPENING
valid_0301,MEASURE PLANARITY,MEASURE SURFACE PLANARITY,MEASURE THICKNESS,MEASURE POLY THICKNESS,MEASURE FILM THICKNESS
valid_0302,CURE PASSIVATION,CLEAN AFTER OXIDE ETCH,ANNEAL DIELECTRIC,CLEAN PAD OPENING,ETCH WET BACKSIDE
valid_0303,MEASURE DIELECTRIC THICKNESS,MEASURE FILM THICKNESS,MEASURE OXIDE THICKNESS,SPIN COAT PHOTORESIST 1,
valid_0304,MEASURE LINE WIDTH,DEPOSIT PASSIVATION LAYER,DEPOSIT PASSIVATION,OXIDE ETCH,MEASURE GEOMETRY
valid_0305,SPIN COAT PHOTORESIST,MEASURE METAL THICKNESS,MEASURE POLY THICKNESS 4,MEASURE FILM THICKNESS,
valid_0306,MEASURE PASSIVATION QUALITY,MEASURE PASSIVATION THICKNESS,HF DIP,MEASURE SURFACE PARTICLES,PRE CLEAN WAFER
valid_0307,MEASURE PLANARITY,MEASURE SURFACE PLANARITY,MEASURE POLY THICKNESS,MEASURE THICKNESS,ANNEAL POLYSILICON
valid_0308,CURE PASSIVATION,DEPOSIT PASSIVATION LAYER,DEPOSIT PASSIVATION,MEASURE SHEET RESISTANCE,OPEN PAD WINDOW
valid_0309,SPIN COAT PHOTORESIST,MEASURE METAL THICKNESS,MEASURE POLY THICKNESS,MEASURE FILM THICKNESS 4,
valid_0310,CURE PASSIVATION,PASSIVATION ETCH PAD OPENING,PASSIVATION ETCH,GATE OXIDE GROWTH,CLEAN AFTER OXIDE ETCH
valid_0311,MEASURE PLANARITY,MEASURE SURFACE PLANARITY,MEASURE THICKNESS,METAL ETCH DRY,MEASURE POLY THICKNESS
valid_0312,CURE PASSIVATION,CLEAN AFTER OXIDE ETCH,ANNEAL DIELECTRIC,CLEAN PAD OPENING,CLEAN AFTER ETCH
valid_0313,CMP INTERLAYER DIELECTRIC,CMP DIELECTRIC,IMPLANT LDD,MEASURE SPACER WIDTH,MEASURE DIELECTRIC THICKNESS
valid_0314,DEPOSIT PASSIVATION LAYER,DEPOSIT PASSIVATION,MEASURE LINE WIDTH,HF DIP,CURE PASSIVATION
valid_0315,SPIN COAT PHOTORESIST,MEASURE METAL THICKNESS,MEASURE POLY THICKNESS,MEASURE FILM THICKNESS 4,
valid_0316,MEASURE LINE WIDTH,DEPOSIT PASSIVATION LAYER,DEPOSIT PASSIVATION,OXIDE ETCH,THERMAL OXIDATION
valid_0317,MEASURE DIELECTRIC THICKNESS,MEASURE FILM THICKNESS,SPIN COAT PHOTORESIST,MEASURE OXIDE THICKNESS 1,
valid_0318,MEASURE PASSIVATION QUALITY,MEASURE PASSIVATION THICKNESS,HF DIP,MEASURE SURFACE PARTICLES,SUBSTRATE CHECK
valid_0319,MEASURE PLANARITY,MEASURE SURFACE PLANARITY,MEASURE THICKNESS,MEASURE POLY THICKNESS,METAL ETCH DRY
valid_0320,CURE PASSIVATION,DEPOSIT PASSIVATION LAYER,DEPOSIT PASSIVATION,PASSIVATION ETCH PAD OPENING,PASSIVATION ETCH
valid_0321,SPIN COAT PHOTORESIST,MEASURE METAL THICKNESS,MEASURE POLY THICKNESS,MEASURE FILM THICKNESS 4,
valid_0322,CURE PASSIVATION,DEPOSIT PASSIVATION LAYER,DEPOSIT PASSIVATION,MEASURE SHEET RESISTANCE,OPEN PAD WINDOW
valid_0323,SOFT BAKE,EXPOSE LITHO LEVEL,MEASURE LINE WIDTH,VIA ETCH THROUGH DIELECTRIC,HARD BAKE
valid_0324,OPEN PAD WINDOW,OPEN BOND PAD WINDOW,OXIDE ETCH DRY,MEASURE THICKNESS,HARD BAKE
valid_0325,CMP INTERLAYER DIELECTRIC,CMP DIELECTRIC,IMPLANT LDD,METAL PATTERN INSPECTION,MEASURE SPACER WIDTH
valid_0326,DEPOSIT PASSIVATION LAYER,DEPOSIT PASSIVATION,MEASURE LINE WIDTH,HF DIP,CURE PASSIVATION
valid_0327,SPIN COAT PHOTORESIST,MEASURE METAL THICKNESS,MEASURE FILM THICKNESS,MEASURE POLY THICKNESS 1,
valid_0328,CURE PASSIVATION,DEPOSIT PASSIVATION LAYER,DEPOSIT PASSIVATION,PASSIVATION ETCH PAD OPENING,PASSIVATION ETCH
valid_0329,MEASURE PLANARITY,MEASURE SURFACE PLANARITY,METAL ETCH DRY,MEASURE THICKNESS,MEASURE POLY THICKNESS
valid_0330,MEASURE PASSIVATION QUALITY,MEASURE PASSIVATION THICKNESS,HF DIP,SUBSTRATE CHECK,MEASURE SURFACE PARTICLES
valid_0331,MEASURE PLANARITY,MEASURE SURFACE PLANARITY,METAL ETCH DRY,DEPOSIT INTERLEVEL DIELECTRIC,DEPOSIT INTERLAYER DIELECTRIC
valid_0332,CURE PASSIVATION,DEPOSIT PASSIVATION LAYER,DEPOSIT PASSIVATION,ETCH WET BACKSIDE,MEASURE SHEET RESISTANCE
valid_0333,DENSIFY DIELECTRIC,DENSIFY OXIDE,MEASURE FILM THICKNESS,MEASURE DIELECTRIC THICKNESS,RCA CLEAN
valid_0334,MEASURE LINE WIDTH,DEPOSIT PASSIVATION LAYER,DEPOSIT PASSIVATION,MEASURE GEOMETRY,THERMAL OXIDATION
valid_0335,CMP INTERLAYER DIELECTRIC,CMP DIELECTRIC,IMPLANT LDD,MEASURE SPACER WIDTH 5,
valid_0336,MEASURE PASSIVATION QUALITY,MEASURE PASSIVATION THICKNESS,HF DIP,MEASURE SURFACE PARTICLES,PRE CLEAN WAFER
valid_0337,CMP INTERLAYER DIELECTRIC,CMP DIELECTRIC,IMPLANT LDD,MEASURE SPACER WIDTH,RAPID THERMAL ANNEAL
valid_0338,DEPOSIT PASSIVATION LAYER,DEPOSIT PASSIVATION,MEASURE LINE WIDTH,HF DIP,DEVELOP PHOTORESIST
valid_0339,SOFT BAKE,HARD BAKE,EXPOSE LITHO LEVEL,VIA ETCH THROUGH DIELECTRIC,VIA ETCH
valid_0340,CURE PASSIVATION,DEPOSIT PASSIVATION LAYER,DEPOSIT PASSIVATION,MEASURE SHEET RESISTANCE,CLEAN AFTER FIELD ETCH
valid_0341,SPIN COAT PHOTORESIST,MEASURE METAL THICKNESS,MEASURE POLY THICKNESS 4,MEASURE FILM THICKNESS,
valid_0342,OPEN PAD WINDOW,OPEN BOND PAD WINDOW,OXIDE ETCH DRY,DEVELOP PHOTORESIST,MEASURE THICKNESS
valid_0343,SPIN COAT PHOTORESIST,MEASURE METAL THICKNESS,MEASURE POLY THICKNESS 4,MEASURE FILM THICKNESS,
valid_0344,MEASURE PASSIVATION QUALITY,MEASURE PASSIVATION THICKNESS,HF DIP,MEASURE SURFACE PARTICLES,PRE CLEAN WAFER
valid_0345,SPIN COAT PHOTORESIST,MEASURE POLY THICKNESS,MEASURE METAL THICKNESS 4,CMP DIELECTRIC,
valid_0346,MEASURE PASSIVATION QUALITY,MEASURE PASSIVATION THICKNESS,HF DIP,MEASURE SURFACE PARTICLES,PRE CLEAN WAFER
valid_0347,CMP INTERLAYER DIELECTRIC,CMP DIELECTRIC,IMPLANT LDD,MEASURE SPACER WIDTH,METAL PATTERN INSPECTION
valid_0348,DEPOSIT PASSIVATION,DEPOSIT PASSIVATION LAYER,MEASURE LINE WIDTH,HF DIP,WAFER SURFACE CLEAN
valid_0349,DEPOSIT INTERLAYER DIELECTRIC,DEPOSIT INTERLEVEL DIELECTRIC,MEASURE DEVICE PARAMETER,MEASURE JUNCTION PROFILE,DEPOSIT FIELD OXIDE
valid_0350,CLEAN AFTER METAL ETCH,CLEAN AFTER FIELD ETCH,METAL PATTERN INSPECTION,DEPOSIT SPACER DIELECTRIC,CLEAN PAD OPENING
valid_0351,CMP INTERLAYER DIELECTRIC,CMP DIELECTRIC,IMPLANT LDD,MEASURE SPACER WIDTH,METAL PATTERN INSPECTION
valid_0352,DEPOSIT PASSIVATION,DEPOSIT PASSIVATION LAYER,MEASURE LINE WIDTH,HF DIP,CMP METAL
valid_0353,ALIGN MASK LEVEL,EXPOSE LITHO LEVEL,WAFER SORT TEST,MEASURE GATE CD,MEASURE CD LEVEL
valid_0354,CURE PASSIVATION,CLEAN AFTER OXIDE ETCH,GATE OXIDE GROWTH,ANNEAL DIELECTRIC,ETCH WET BACKSIDE
valid_0355,SPIN COAT PHOTORESIST,MEASURE METAL THICKNESS,MEASURE POLY THICKNESS 4,CMP DIELECTRIC,
valid_0356,MEASURE LINE WIDTH,DEPOSIT PASSIVATION LAYER,DEPOSIT PASSIVATION,MEASURE GEOMETRY,OXIDE ETCH
valid_0357,MEASURE PLANARITY,MEASURE SURFACE PLANARITY,METAL ETCH DRY,MEASURE POLY THICKNESS,MEASURE FILM THICKNESS
valid_0358,CURE PASSIVATION,DEPOSIT PASSIVATION LAYER,DEPOSIT PASSIVATION,ETCH WET BACKSIDE,MEASURE SHEET RESISTANCE
valid_0359,SPIN COAT PHOTORESIST,MEASURE METAL THICKNESS,MEASURE POLY THICKNESS,MEASURE FILM THICKNESS 1,
valid_0360,CURE PASSIVATION,CLEAN PAD OPENING,ANNEAL DIELECTRIC,CLEAN AFTER OXIDE ETCH,FINAL CLEAN
valid_0361,SPIN COAT PHOTORESIST,MEASURE METAL THICKNESS,MEASURE POLY THICKNESS,MEASURE FILM THICKNESS 1,
valid_0362,CURE PASSIVATION,CLEAN AFTER OXIDE ETCH,CLEAN PAD OPENING,ANNEAL DIELECTRIC,PASSIVATION ETCH PAD OPENING
valid_0363,MEASURE DIELECTRIC THICKNESS,MEASURE FILM THICKNESS,SPIN COAT PHOTORESIST,MEASURE OXIDE THICKNESS 1,
valid_0364,MEASURE LINE WIDTH,DEPOSIT PASSIVATION LAYER,DEPOSIT PASSIVATION,OXIDE ETCH,THERMAL OXIDATION
valid_0365,ALIGN MASK LEVEL,EXPOSE LITHO LEVEL,MEASURE CD LEVEL,WAFER SORT TEST,MEASURE GATE CD
valid_0366,DEPOSIT PASSIVATION LAYER,DEPOSIT PASSIVATION,MEASURE LINE WIDTH,HF DIP,CURE PASSIVATION
valid_0367,MEASURE PLANARITY,MEASURE SURFACE PLANARITY,MEASURE POLY THICKNESS,MEASURE THICKNESS,MEASURE FILM THICKNESS
valid_0368,MEASURE PASSIVATION QUALITY,MEASURE PASSIVATION THICKNESS,HF DIP,MEASURE SURFACE PARTICLES,SUBSTRATE CHECK
valid_0369,SPIN COAT PHOTORESIST,MEASURE METAL THICKNESS,MEASURE POLY THICKNESS,MEASURE FILM THICKNESS 4,
valid_0370,CURE PASSIVATION,DEPOSIT PASSIVATION LAYER,DEPOSIT PASSIVATION,ETCH WET BACKSIDE,CLEAN AFTER ETCH
valid_0371,CMP INTERLAYER DIELECTRIC,CMP DIELECTRIC,IMPLANT LDD,MEASURE SPACER WIDTH,METAL PATTERN INSPECTION
valid_0372,DEPOSIT PASSIVATION LAYER,DEPOSIT PASSIVATION,MEASURE LINE WIDTH,HF DIP,CURE PASSIVATION
valid_0373,SPIN COAT PHOTORESIST,MEASURE METAL THICKNESS,MEASURE POLY THICKNESS 4,MEASURE FILM THICKNESS,
valid_0374,CURE PASSIVATION,CLEAN AFTER OXIDE ETCH,HF DIP,DEPOSIT PASSIVATION LAYER,GATE OXIDE GROWTH
valid_0375,MEASURE DEVICE PARAMETER,DEPOSIT INTERLEVEL DIELECTRIC,DEPOSIT INTERLAYER DIELECTRIC,MEASURE JUNCTION PROFILE,MEASURE SHEET RESISTANCE
valid_0376,CLEAN AFTER METAL ETCH,METAL PATTERN INSPECTION,METAL ETCH DRY,DEPOSIT SPACER DIELECTRIC,OXIDE STRIP
valid_0377,CMP INTERLAYER DIELECTRIC,CMP DIELECTRIC,IMPLANT LDD,RAPID THERMAL ANNEAL,MEASURE SPACER WIDTH
valid_0378,CURE PASSIVATION,PASSIVATION ETCH PAD OPENING,PASSIVATION ETCH,GATE OXIDE GROWTH,CLEAN AFTER OXIDE ETCH
valid_0379,SPIN COAT PHOTORESIST,MEASURE METAL THICKNESS,MEASURE POLY THICKNESS,MEASURE FILM THICKNESS 4,
valid_0380,MEASURE PASSIVATION QUALITY,MEASURE PASSIVATION THICKNESS,HF DIP,MEASURE SURFACE PARTICLES,PRE CLEAN WAFER
valid_0381,MEASURE DIELECTRIC THICKNESS,MEASURE FILM THICKNESS,MEASURE OXIDE THICKNESS,SPIN COAT PHOTORESIST,MEASURE METAL THICKNESS
valid_0382,MEASURE LINE WIDTH,DEPOSIT PASSIVATION LAYER,DEPOSIT PASSIVATION,MEASURE GEOMETRY,THERMAL OXIDATION
valid_0383,SOFT BAKE,EXPOSE LITHO LEVEL,HARD BAKE,MEASURE LINE WIDTH,VIA ETCH THROUGH DIELECTRIC
valid_0384,MEASURE PASSIVATION QUALITY,MEASURE PASSIVATION THICKNESS,HF DIP,MEASURE SURFACE PARTICLES,CLEAN AFTER FIELD ETCH
valid_0385,MEASURE PLANARITY,MEASURE SURFACE PLANARITY,MEASURE POLY THICKNESS,MEASURE THICKNESS,MEASURE FILM THICKNESS
valid_0386,CURE PASSIVATION,DEPOSIT PASSIVATION LAYER,DEPOSIT PASSIVATION,CLEAN AFTER FIELD ETCH,MEASURE SHEET RESISTANCE
valid_0387,ALIGN MASK LEVEL,WAFER SORT TEST,EXPOSE LITHO LEVEL,MEASURE CD LEVEL,MEASURE GATE CD
valid_0388,CURE PASSIVATION,CLEAN AFTER FIELD ETCH,CLEAN PAD OPENING,MEASURE SHEET RESISTANCE,CLEAN AFTER ETCH
valid_0389,MEASURE PLANARITY,MEASURE SURFACE PLANARITY,METAL ETCH DRY,MEASURE POLY THICKNESS,ANNEAL POLYSILICON
valid_0390,CURE PASSIVATION,ETCH WET BACKSIDE,ANNEAL DIELECTRIC,CLEAN PAD OPENING,PASSIVATION ETCH PAD OPENING
valid_0391,SPIN COAT PHOTORESIST,MEASURE METAL THICKNESS,MEASURE POLY THICKNESS,MEASURE FILM THICKNESS 4,
valid_0392,DEPOSIT PASSIVATION LAYER,DEPOSIT PASSIVATION,MEASURE LINE WIDTH,HF DIP,CMP METAL
valid_0393,MEASURE PLANARITY,MEASURE SURFACE PLANARITY,METAL ETCH DRY,MEASURE POLY THICKNESS,ANNEAL POLYSILICON
valid_0394,CURE PASSIVATION,MEASURE SHEET RESISTANCE,CLEAN AFTER FIELD ETCH,CLEAN AFTER ETCH,CLEAN PAD OPENING
valid_0395,SPIN COAT PHOTORESIST,MEASURE METAL THICKNESS,MEASURE POLY THICKNESS 4,MEASURE FILM THICKNESS,
valid_0396,MEASURE PASSIVATION QUALITY,MEASURE PASSIVATION THICKNESS,HF DIP,MEASURE SURFACE PARTICLES,PRE CLEAN WAFER
valid_0397,CMP INTERLAYER DIELECTRIC,CMP DIELECTRIC,IMPLANT LDD,METAL PATTERN INSPECTION,MEASURE SPACER WIDTH
valid_0398,CURE PASSIVATION,DEPOSIT PASSIVATION LAYER,DEPOSIT PASSIVATION,ETCH WET BACKSIDE,MEASURE SHEET RESISTANCE
valid_0399,MEASURE PLANARITY,MEASURE SURFACE PLANARITY,METAL ETCH DRY,MEASURE POLY THICKNESS,MEASURE FILM THICKNESS
valid_0400,DEPOSIT PASSIVATION LAYER,DEPOSIT PASSIVATION,MEASURE LINE WIDTH,HF DIP,DEVELOP PHOTORESIST
valid_0401,DEPOSIT TUNGSTEN SEED,DEPOSIT METAL SEED,ANNEAL POLYSILICON,DEPOSIT BACKSIDE PROTECTION,ANISOTROPIC ETCH SPACER
valid_0402,PASSIVATION ETCH,PASSIVATION ETCH PAD OPENING,CLEAN PAD OPENING,DEVELOP PHOTORESIST,HF DIP
valid_0403,MEASURE VIA CD,DEPOSIT BARRIER METAL,MEASURE OXIDE THICKNESS,CLEAN AFTER VIA ETCH,MEASURE FILM THICKNESS
valid_0404,PASSIVATION ETCH,PASSIVATION ETCH PAD OPENING,DEVELOP PHOTORESIST,CLEAN PAD OPENING,DIELECTRIC ETCH VIA
valid_0405,MEASURE VIA CD,DEPOSIT BARRIER METAL,MEASURE OXIDE THICKNESS,CLEAN AFTER VIA ETCH,MEASURE OXIDE QUALITY
valid_0406,MEASURE PASSIVATION QUALITY,MEASURE PASSIVATION THICKNESS,HF DIP,CLEAN AFTER FIELD ETCH,SUBSTRATE CHECK
valid_0407,STRIP RESIST,STRIP PHOTORESIST,STRIP RESIST LEVEL,SHIP LOT,HARD BAKE
valid_0408,MEASURE PASSIVATION QUALITY,MEASURE PASSIVATION THICKNESS,HF DIP,CLEAN AFTER FIELD ETCH,SUBSTRATE CHECK
valid_0409,STRIP RESIST,STRIP PHOTORESIST,STRIP RESIST LEVEL,HARD BAKE,DEVELOP PHOTORESIST
valid_0410,OPEN PAD WINDOW,OPEN BOND PAD WINDOW,MEASURE THICKNESS,SPIN COAT PHOTORESIST,MEASURE METAL THICKNESS
valid_0411,CLEAN AFTER VIA ETCH,DEPOSIT BARRIER METAL,CLEAN AFTER METAL ETCH,STRIP PHOTORESIST,MEASURE VIA CD
valid_0412,OPEN PAD WINDOW,OPEN BOND PAD WINDOW,MEASURE THICKNESS,SPIN COAT PHOTORESIST,MEASURE METAL THICKNESS
valid_0413,STRIP RESIST,STRIP PHOTORESIST,STRIP RESIST LEVEL,SHIP LOT,DEVELOP PHOTORESIST
valid_0414,MEASURE PASSIVATION QUALITY,MEASURE PASSIVATION THICKNESS,SUBSTRATE CHECK,HF DIP,CLEAN AFTER FIELD ETCH
valid_0415,CLEAN AFTER VIA ETCH,CLEAN AFTER METAL ETCH,DEPOSIT BARRIER METAL,MEASURE VIA CD,STRIP PHOTORESIST
valid_0416,DEVELOP PHOTORESIST,DEVELOP PAD WINDOW,POST EXPOSE BAKE,EXPOSE LITHO LEVEL,STRIP RESIST
valid_0417,CLEAN AFTER VIA ETCH,CLEAN AFTER METAL ETCH,CLEAN AFTER FIELD ETCH,DEPOSIT BARRIER METAL,MEASURE VIA CD
valid_0418,PASSIVATION ETCH,PASSIVATION ETCH PAD OPENING,CLEAN PAD OPENING,HF DIP,DIELECTRIC ETCH VIA
valid_0419,STRIP RESIST,STRIP PHOTORESIST,STRIP RESIST LEVEL,DEVELOP PHOTORESIST,HARD BAKE
valid_0420,CURE PASSIVATION,PASSIVATION ETCH PAD OPENING,PASSIVATION ETCH,DEPOSIT PASSIVATION LAYER,DEPOSIT PASSIVATION
valid_0421,DEPOSIT TUNGSTEN SEED,DEPOSIT METAL SEED,ANNEAL POLYSILICON,DEPOSIT BACKSIDE PROTECTION,PATTERN INSPECTION LEVEL
valid_0422,PASSIVATION ETCH,PASSIVATION ETCH PAD OPENING,CLEAN PAD OPENING,HF DIP,DEVELOP PHOTORESIST
valid_0423,MEASURE VIA CD,DEPOSIT BARRIER METAL,CLEAN AFTER VIA ETCH,MEASURE OXIDE THICKNESS,POLYSILICON ETCH DRY
valid_0424,OPEN PAD WINDOW,OPEN BOND PAD WINDOW,MEASURE THICKNESS,LEAKAGE TEST,SPIN COAT PHOTORESIST
valid_0425,CLEAN AFTER VIA ETCH,CLEAN AFTER METAL ETCH,STRIP PHOTORESIST,VIA OPENING INSPECTION,CLEAN AFTER ETCH
valid_0426,PAD WINDOW LITHO,OPEN PAD WINDOW LITHO,EPITAXY PREP,DRY WAFER,WAFER CLEAN PRE-GRIND
valid_0427,CLEAN AFTER VIA ETCH,CLEAN AFTER METAL ETCH,CLEAN AFTER POLY ETCH,DEPOSIT BARRIER METAL,CLEAN AFTER FIELD ETCH
valid_0428,OPEN PAD WINDOW,OPEN BOND PAD WINDOW,SPIN COAT PHOTORESIST,MEASURE THICKNESS,CURE PASSIVATION
valid_0429,STRIP RESIST,STRIP PHOTORESIST,STRIP RESIST LEVEL,SHIP LOT,DEVELOP PHOTORESIST
valid_0430,PAD WINDOW LITHO,OPEN PAD WINDOW LITHO,DRY WAFER,DEVELOP PHOTORESIST,POST EXPOSE BAKE
valid_0431,MEASURE VIA CD,DEPOSIT BARRIER METAL,MEASURE OXIDE THICKNESS,CLEAN AFTER VIA ETCH,DEPOSIT POLYSILICON
valid_0432,PAD WINDOW LITHO,OPEN PAD WINDOW LITHO,DRY WAFER,EPITAXY PREP,MEASURE OXIDE THICKNESS
valid_0433,STRIP RESIST,STRIP PHOTORESIST,STRIP RESIST LEVEL,HARD BAKE,FINAL CLEAN
valid_0434,DEVELOP PHOTORESIST,DEVELOP PAD WINDOW,POST EXPOSE BAKE,EXPOSE LITHO LEVEL,STRIP PHOTORESIST
valid_0435,DEPOSIT BARRIER METAL,MEASURE VIA CD,FILL VIA TUNGSTEN,CLEAN AFTER VIA ETCH,SPIN COAT PHOTORESIST
valid_0436,PAD WINDOW LITHO,OPEN PAD WINDOW LITHO,DRY WAFER,THERMAL OXIDATION,SUBSTRATE CHECK
valid_0437,CLEAN AFTER VIA ETCH,DEPOSIT BARRIER METAL,CLEAN AFTER METAL ETCH,MEASURE VIA CD,CLEAN AFTER FIELD ETCH
valid_0438,PAD WINDOW LITHO,OPEN PAD WINDOW LITHO,DRY WAFER,DEVELOP PHOTORESIST,POST EXPOSE BAKE
valid_0439,CLEAN AFTER VIA ETCH,CLEAN AFTER METAL ETCH,CLEAN AFTER POLY ETCH,CLEAN AFTER FIELD ETCH,DEPOSIT BARRIER METAL
valid_0440,PAD WINDOW LITHO,OPEN PAD WINDOW LITHO,DRY WAFER,SUBSTRATE CHECK,POST EXPOSE BAKE
valid_0441,STRIP RESIST,STRIP PHOTORESIST,STRIP RESIST LEVEL,HARD BAKE,DEVELOP PHOTORESIST
valid_0442,OPEN PAD WINDOW,OPEN BOND PAD WINDOW,MEASURE THICKNESS,SPIN COAT PHOTORESIST,MEASURE METAL THICKNESS
valid_0443,DEPOSIT BARRIER METAL,MEASURE VIA CD,SPIN COAT PHOTORESIST,CLEAN AFTER VIA ETCH,PRE CLEAN WAFER
valid_0444,OPEN PAD WINDOW,OPEN BOND PAD WINDOW,MEASURE THICKNESS,SPIN COAT PHOTORESIST,CURE PASSIVATION
valid_0445,CLEAN AFTER VIA ETCH,DEPOSIT BARRIER METAL,CLEAN AFTER POLY ETCH,MEASURE VIA CD,STRIP PHOTORESIST
valid_0446,OPEN PAD WINDOW,OPEN BOND PAD WINDOW,CLEAN PAD OPENING,MEASURE THICKNESS,SPIN COAT PHOTORESIST
valid_0447,CLEAN AFTER VIA ETCH,CLEAN AFTER METAL ETCH,DEPOSIT BARRIER METAL,VIA OPENING INSPECTION,STRIP PHOTORESIST
valid_0448,DEVELOP PHOTORESIST,DEVELOP PAD WINDOW,POST EXPOSE BAKE,EXPOSE LITHO LEVEL,STRIP PHOTORESIST
valid_0449,CLEAN AFTER VIA ETCH,CLEAN AFTER METAL ETCH,VIA OPENING INSPECTION,DEPOSIT BARRIER METAL,STRIP PHOTORESIST
valid_0450,PAD WINDOW LITHO,OPEN PAD WINDOW LITHO,STRIP RESIST,EPITAXY PREP,DRY WAFER
valid_0451,MEASURE VIA CD,DEPOSIT BARRIER METAL,MEASURE OXIDE THICKNESS,CLEAN AFTER VIA ETCH,MEASURE FILM THICKNESS
valid_0452,DEVELOP PHOTORESIST,DEVELOP PAD WINDOW,POST EXPOSE BAKE,EXPOSE LITHO LEVEL,STRIP RESIST
valid_0453,MEASURE VIA CD,DEPOSIT BARRIER METAL,MEASURE OXIDE THICKNESS,CLEAN AFTER VIA ETCH,MEASURE FILM THICKNESS
valid_0454,PAD WINDOW LITHO,OPEN PAD WINDOW LITHO,DRY WAFER,EPITAXY PREP,WAFER CLEAN PRE-GRIND
valid_0455,DEPOSIT BARRIER METAL,MEASURE VIA CD,CLEAN AFTER VIA ETCH,SPIN COAT PHOTORESIST,PRE CLEAN WAFER
valid_0456,DEVELOP PHOTORESIST,DEVELOP PAD WINDOW,POST EXPOSE BAKE,EXPOSE LITHO LEVEL,STRIP PHOTORESIST
valid_0457,STRIP RESIST,STRIP PHOTORESIST,STRIP RESIST LEVEL,HARD BAKE,FINAL CLEAN
valid_0458,MEASURE PASSIVATION QUALITY,MEASURE PASSIVATION THICKNESS,HF DIP,SUBSTRATE CHECK,RINSE WET WAFER_EDGE
valid_0459,HARD BAKE,VIA ETCH THROUGH DIELECTRIC,DIELECTRIC ETCH VIA,VIA ETCH,POLYSILICON ETCH DRY
valid_0460,MEASURE PASSIVATION THICKNESS,MEASURE PASSIVATION QUALITY,SUBSTRATE CHECK,HF DIP,PRE CLEAN WAFER
valid_0461,MEASURE VIA CD,DEPOSIT BARRIER METAL,MEASURE OXIDE THICKNESS,CLEAN AFTER VIA ETCH,MEASURE FILM THICKNESS
valid_0462,PAD WINDOW LITHO,OPEN PAD WINDOW LITHO,DRY WAFER,EPITAXY PREP,DRY WAFER BACKSIDE
valid_0463,MEASURE VIA CD,DEPOSIT BARRIER METAL,CLEAN AFTER VIA ETCH,MEASURE OXIDE THICKNESS,MEASURE OXIDE QUALITY
valid_0464,PAD WINDOW LITHO,OPEN PAD WINDOW LITHO,DRY WAFER,EPITAXY PREP,STRIP RESIST
valid_0465,HARD BAKE,VIA ETCH THROUGH DIELECTRIC,DIELECTRIC ETCH VIA,VIA ETCH,METAL ETCH DRY
valid_0466,CURE PASSIVATION,PASSIVATION ETCH PAD OPENING,PASSIVATION ETCH,DEPOSIT PASSIVATION LAYER,DEPOSIT PASSIVATION
valid_0467,CLEAN AFTER VIA ETCH,DEPOSIT BARRIER METAL,CLEAN AFTER METAL ETCH,MEASURE VIA CD,CLEAN AFTER FIELD ETCH
valid_0468,OPEN PAD WINDOW,OPEN BOND PAD WINDOW,MEASURE THICKNESS,SPIN COAT PHOTORESIST,MEASURE PASSIVATION QUALITY
valid_0469,CLEAN AFTER VIA ETCH,CLEAN AFTER FIELD ETCH,DEPOSIT BARRIER METAL,CLEAN AFTER METAL ETCH,MEASURE VIA CD
valid_0470,OPEN PAD WINDOW,OPEN BOND PAD WINDOW,MEASURE THICKNESS,LEAKAGE TEST,SPIN COAT PHOTORESIST
valid_0471,DEPOSIT BARRIER METAL,MEASURE VIA CD,SPIN COAT PHOTORESIST,CLEAN AFTER VIA ETCH,PRE CLEAN WAFER
valid_0472,PASSIVATION ETCH,PASSIVATION ETCH PAD OPENING,DEVELOP PHOTORESIST,CLEAN PAD OPENING,DIELECTRIC ETCH VIA
valid_0473,STRIP RESIST,STRIP PHOTORESIST,STRIP RESIST LEVEL,SHIP LOT,HARD BAKE
valid_0474,MEASURE PASSIVATION QUALITY,MEASURE PASSIVATION THICKNESS,HF DIP,SUBSTRATE CHECK,RINSE WET WAFER_EDGE
valid_0475,VIA ETCH THROUGH DIELECTRIC,DIELECTRIC ETCH VIA,VIA ETCH,HARD BAKE,CLEAN AFTER VIA ETCH
valid_0476,MEASURE PASSIVATION QUALITY,MEASURE PASSIVATION THICKNESS,HF DIP,SUBSTRATE CHECK,RINSE WET WAFER_EDGE
valid_0477,CLEAN AFTER VIA ETCH,CLEAN AFTER METAL ETCH,DEPOSIT BARRIER METAL,VIA OPENING INSPECTION,MEASURE VIA CD
valid_0478,OPEN PAD WINDOW,OPEN BOND PAD WINDOW,MEASURE THICKNESS,LEAKAGE TEST,SPIN COAT PHOTORESIST
valid_0479,CLEAN AFTER VIA ETCH,CLEAN AFTER POLY ETCH,DEPOSIT BARRIER METAL,MEASURE VIA CD,STRIP PHOTORESIST
valid_0480,PAD WINDOW LITHO,OPEN PAD WINDOW LITHO,DRY WAFER,MEASURE OXIDE THICKNESS,EPITAXY PREP
valid_0481,MEASURE VIA CD,DEPOSIT BARRIER METAL,MEASURE OXIDE THICKNESS,CLEAN AFTER VIA ETCH,MEASURE FILM THICKNESS
valid_0482,OPEN PAD WINDOW,OPEN BOND PAD WINDOW,MEASURE THICKNESS,SPIN COAT PHOTORESIST,MEASURE METAL THICKNESS
valid_0483,DEPOSIT TUNGSTEN SEED,DEPOSIT METAL SEED,DEPOSIT BACKSIDE PROTECTION,DEPOSIT BARRIER METAL,SUBSTRATE CHECK
valid_0484,DEVELOP PHOTORESIST,DEVELOP PAD WINDOW,POST EXPOSE BAKE,EXPOSE LITHO LEVEL,STRIP PHOTORESIST
valid_0485,DEPOSIT BARRIER METAL,MEASURE VIA CD,CLEAN AFTER VIA ETCH,FILL VIA TUNGSTEN,PRE CLEAN WAFER
valid_0486,DEVELOP PHOTORESIST,DEVELOP PAD WINDOW,POST EXPOSE BAKE,STRIP PHOTORESIST,STRIP RESIST
valid_0487,CLEAN AFTER VIA ETCH,CLEAN AFTER METAL ETCH,VIA OPENING INSPECTION,DEPOSIT BARRIER METAL,CLEAN AFTER FIELD ETCH
valid_0488,MEASURE PASSIVATION QUALITY,MEASURE PASSIVATION THICKNESS,SUBSTRATE CHECK,HF DIP,CLEAN AFTER FIELD ETCH
valid_0489,CLEAN AFTER VIA ETCH,CLEAN AFTER METAL ETCH,DEPOSIT BARRIER METAL,MEASURE VIA CD,VIA OPENING INSPECTION
valid_0490,OPEN PAD WINDOW,OPEN BOND PAD WINDOW,CURE PASSIVATION,SPIN COAT PHOTORESIST,MEASURE THICKNESS
valid_0491,STRIP RESIST,STRIP PHOTORESIST,STRIP RESIST LEVEL,DEVELOP PHOTORESIST,SHIP LOT
valid_0492,PAD WINDOW LITHO,OPEN PAD WINDOW LITHO,DRY WAFER,EPITAXY PREP,POST EXPOSE BAKE
valid_0493,MEASURE VIA CD,DEPOSIT BARRIER METAL,CLEAN AFTER VIA ETCH,MEASURE OXIDE THICKNESS,MEASURE FILM THICKNESS
valid_0494,PAD WINDOW LITHO,OPEN PAD WINDOW LITHO,DRY WAFER,THERMAL OXIDATION,POST EXPOSE BAKE
valid_0495,CLEAN AFTER VIA ETCH,DEPOSIT BARRIER METAL,STRIP PHOTORESIST,CLEAN AFTER METAL ETCH,VIA OPENING INSPECTION
valid_0496,MEASURE PASSIVATION QUALITY,MEASURE PASSIVATION THICKNESS,HF DIP,SUBSTRATE CHECK,PRE CLEAN WAFER
valid_0497,MEASURE VIA CD,DEPOSIT BARRIER METAL,CLEAN AFTER VIA ETCH,MEASURE OXIDE THICKNESS,MEASURE OXIDE QUALITY
valid_0498,DEVELOP PHOTORESIST,DEVELOP PAD WINDOW,POST EXPOSE BAKE,EXPOSE LITHO LEVEL,STRIP PHOTORESIST
valid_0499,CLEAN AFTER VIA ETCH,CLEAN AFTER METAL ETCH,VIA OPENING INSPECTION,VIA INSPECTION,DEPOSIT BARRIER METAL
valid_0500,PAD WINDOW LITHO,OPEN PAD WINDOW LITHO,DRY WAFER,SUBSTRATE CHECK,DRY WAFER BACKSIDE
valid_0501,CLEAN AFTER VIA ETCH,CLEAN AFTER METAL ETCH,DEPOSIT BARRIER METAL,MEASURE VIA CD,CLEAN AFTER FIELD ETCH
valid_0502,PAD WINDOW LITHO,OPEN PAD WINDOW LITHO,DRY WAFER,EPITAXY PREP,MEASURE OXIDE THICKNESS
valid_0503,DEPOSIT BARRIER METAL,MEASURE VIA CD,CLEAN AFTER VIA ETCH,SPIN COAT PHOTORESIST,PRE CLEAN WAFER
valid_0504,PASSIVATION ETCH,PASSIVATION ETCH PAD OPENING,CLEAN PAD OPENING,HF DIP,DEVELOP PHOTORESIST
valid_0505,STRIP RESIST,STRIP PHOTORESIST,STRIP RESIST LEVEL,HARD BAKE,DEVELOP PHOTORESIST
valid_0506,CURE PASSIVATION,DEPOSIT PASSIVATION LAYER,PASSIVATION ETCH,PASSIVATION ETCH PAD OPENING,DEPOSIT PASSIVATION
valid_0507,STRIP RESIST,STRIP PHOTORESIST,STRIP RESIST LEVEL,HARD BAKE,FINAL CLEAN
valid_0508,DEVELOP PHOTORESIST,DEVELOP PAD WINDOW,POST EXPOSE BAKE,EXPOSE LITHO LEVEL,STRIP PHOTORESIST
valid_0509,CLEAN AFTER VIA ETCH,CLEAN AFTER METAL ETCH,DEPOSIT BARRIER METAL,CLEAN AFTER FIELD ETCH,CLEAN AFTER POLY ETCH
valid_0510,MEASURE PASSIVATION QUALITY,MEASURE PASSIVATION THICKNESS,HF DIP,CLEAN AFTER FIELD ETCH,SUBSTRATE CHECK
valid_0511,HARD BAKE,VIA ETCH THROUGH DIELECTRIC,DIELECTRIC ETCH VIA,VIA ETCH,METAL ETCH DRY
valid_0512,OPEN PAD WINDOW,OPEN BOND PAD WINDOW,SPIN COAT PHOTORESIST,MEASURE THICKNESS,CURE PASSIVATION
valid_0513,MEASURE VIA CD,DEPOSIT BARRIER METAL,CLEAN AFTER VIA ETCH,MEASURE OXIDE THICKNESS,MEASURE OXIDE QUALITY
valid_0514,PAD WINDOW LITHO,OPEN PAD WINDOW LITHO,DRY WAFER,THERMAL OXIDATION,POST EXPOSE BAKE
valid_0515,MEASURE VIA CD,DEPOSIT BARRIER METAL,CLEAN AFTER VIA ETCH,MEASURE OXIDE THICKNESS,MEASURE FILM THICKNESS
valid_0516,PAD WINDOW LITHO,OPEN PAD WINDOW LITHO,DRY WAFER,DEVELOP PHOTORESIST,POST EXPOSE BAKE
valid_0517,MEASURE VIA CD,DEPOSIT BARRIER METAL,CLEAN AFTER VIA ETCH,MEASURE OXIDE THICKNESS,MEASURE FILM THICKNESS
valid_0518,DEVELOP PHOTORESIST,DEVELOP PAD WINDOW,POST EXPOSE BAKE,EXPOSE LITHO LEVEL,STRIP PHOTORESIST
valid_0519,MEASURE VIA CD,DEPOSIT BARRIER METAL,CLEAN AFTER VIA ETCH,MEASURE OXIDE THICKNESS,DEPOSIT POLYSILICON
valid_0520,PAD WINDOW LITHO,OPEN PAD WINDOW LITHO,DRY WAFER,DEVELOP PHOTORESIST,POST EXPOSE BAKE
valid_0521,MEASURE VIA CD,DEPOSIT BARRIER METAL,CLEAN AFTER VIA ETCH,MEASURE OXIDE THICKNESS,DEPOSIT POLYSILICON
valid_0522,DEVELOP PHOTORESIST,DEVELOP PAD WINDOW,POST EXPOSE BAKE,EXPOSE LITHO LEVEL,STRIP PHOTORESIST
valid_0523,STRIP RESIST,STRIP PHOTORESIST,STRIP RESIST LEVEL,SHIP LOT,HARD BAKE
valid_0524,OPEN PAD WINDOW,OPEN BOND PAD WINDOW,MEASURE THICKNESS,SPIN COAT PHOTORESIST,CURE PASSIVATION
valid_0525,MEASURE VIA CD,DEPOSIT BARRIER METAL,MEASURE OXIDE THICKNESS,CLEAN AFTER VIA ETCH,MEASURE OXIDE QUALITY
valid_0526,DEVELOP PHOTORESIST,DEVELOP PAD WINDOW,POST EXPOSE BAKE,EXPOSE LITHO LEVEL,STRIP RESIST
valid_0527,DEPOSIT BARRIER METAL,MEASURE VIA CD,FILL VIA TUNGSTEN,CLEAN AFTER VIA ETCH,PRE CLEAN WAFER
valid_0528,PAD WINDOW LITHO,OPEN PAD WINDOW LITHO,DRY WAFER,EPITAXY PREP,DRY WAFER BACKSIDE
valid_0529,CLEAN AFTER VIA ETCH,CLEAN AFTER METAL ETCH,DEPOSIT BARRIER METAL,MEASURE VIA CD,CLEAN AFTER POLY ETCH
valid_0530,CURE PASSIVATION,DEPOSIT PASSIVATION,DEPOSIT PASSIVATION LAYER,FINAL CLEAN,CLEAN PAD OPENING
valid_0531,DEPOSIT BARRIER METAL,MEASURE VIA CD,CLEAN AFTER VIA ETCH,FILL VIA TUNGSTEN,PRE CLEAN WAFER
valid_0532,PASSIVATION ETCH,PASSIVATION ETCH PAD OPENING,CLEAN PAD OPENING,HF DIP,DEVELOP PHOTORESIST
valid_0533,DEPOSIT TUNGSTEN SEED,DEPOSIT METAL SEED,ANNEAL POLYSILICON,FINAL CLEAN,FRONTSIDE CLEAN FINAL
valid_0534,PASSIVATION ETCH,PASSIVATION ETCH PAD OPENING,CLEAN PAD OPENING,DEVELOP PHOTORESIST,HF DIP
valid_0535,DEPOSIT BARRIER METAL,MEASURE VIA CD,CLEAN AFTER VIA ETCH,PRE CLEAN WAFER,FILL VIA TUNGSTEN
valid_0536,PASSIVATION ETCH,PASSIVATION ETCH PAD OPENING,HF DIP,DIELECTRIC ETCH VIA,VIA ETCH
valid_0537,MEASURE VIA CD,DEPOSIT BARRIER METAL,CLEAN AFTER VIA ETCH,MEASURE OXIDE THICKNESS,MEASURE FILM THICKNESS
valid_0538,DEVELOP PHOTORESIST,DEVELOP PAD WINDOW,POST EXPOSE BAKE,EXPOSE LITHO LEVEL,STRIP PHOTORESIST
valid_0539,STRIP RESIST,STRIP PHOTORESIST,STRIP RESIST LEVEL,HARD BAKE,CLEAN AFTER VIA ETCH
valid_0540,OPEN PAD WINDOW,OPEN BOND PAD WINDOW,MEASURE THICKNESS,SPIN COAT PHOTORESIST,CLEAN AFTER METAL ETCH
valid_0541,STRIP RESIST,STRIP PHOTORESIST,STRIP RESIST LEVEL,SHIP LOT,DEVELOP PHOTORESIST
valid_0542,OPEN PAD WINDOW,OPEN BOND PAD WINDOW,SPIN COAT PHOTORESIST,MEASURE THICKNESS,CURE PASSIVATION
valid_0543,MEASURE VIA CD,DEPOSIT BARRIER METAL,MEASURE OXIDE THICKNESS,CLEAN AFTER VIA ETCH,MEASURE FILM THICKNESS
valid_0544,OPEN PAD WINDOW,OPEN BOND PAD WINDOW,SPIN COAT PHOTORESIST,MEASURE THICKNESS,CURE PASSIVATION
valid_0545,DEPOSIT BARRIER METAL,MEASURE VIA CD,FILL VIA TUNGSTEN,CLEAN AFTER VIA ETCH,PRE CLEAN WAFER
valid_0546,DEVELOP PHOTORESIST,DEVELOP PAD WINDOW,POST EXPOSE BAKE,EXPOSE LITHO LEVEL,STRIP RESIST
valid_0547,CLEAN AFTER VIA ETCH,CLEAN AFTER METAL ETCH,CLEAN AFTER FIELD ETCH,DEPOSIT BARRIER METAL,CLEAN AFTER POLY ETCH
valid_0548,DEVELOP PHOTORESIST,DEVELOP PAD WINDOW,POST EXPOSE BAKE,EXPOSE LITHO LEVEL,STRIP RESIST
valid_0549,DEPOSIT TUNGSTEN SEED,DEPOSIT METAL SEED,DEPOSIT BACKSIDE PROTECTION,PATTERN INSPECTION LEVEL,ANNEAL POLYSILICON
valid_0550,PASSIVATION ETCH,PASSIVATION ETCH PAD OPENING,CLEAN PAD OPENING,DEVELOP PHOTORESIST,HF DIP
valid_0551,CLEAN AFTER VIA ETCH,DEPOSIT BARRIER METAL,CLEAN AFTER METAL ETCH,MEASURE VIA CD,CLEAN AFTER FIELD ETCH
valid_0552,PAD WINDOW LITHO,OPEN PAD WINDOW LITHO,DRY WAFER,EPITAXY PREP,WAFER CLEAN PRE-GRIND
valid_0553,MEASURE VIA CD,DEPOSIT BARRIER METAL,CLEAN AFTER VIA ETCH,MEASURE OXIDE THICKNESS,DEPOSIT POLYSILICON
valid_0554,PAD WINDOW LITHO,OPEN PAD WINDOW LITHO,DRY WAFER,SUBSTRATE CHECK,POST EXPOSE BAKE
valid_0555,VIA ETCH THROUGH DIELECTRIC,DIELECTRIC ETCH VIA,VIA ETCH,HARD BAKE,METAL ETCH DRY
valid_0556,OPEN PAD WINDOW,OPEN BOND PAD WINDOW,MEASURE THICKNESS,CLEAN AFTER METAL ETCH,SPIN COAT PHOTORESIST
valid_0557,MEASURE VIA CD,DEPOSIT BARRIER METAL,MEASURE OXIDE THICKNESS,CLEAN AFTER VIA ETCH,MEASURE FILM THICKNESS
valid_0558,DEVELOP PHOTORESIST,DEVELOP PAD WINDOW,POST EXPOSE BAKE,EXPOSE LITHO LEVEL,STRIP PHOTORESIST
valid_0559,MEASURE VIA CD,DEPOSIT BARRIER METAL,MEASURE OXIDE THICKNESS,CLEAN AFTER VIA ETCH,MEASURE FILM THICKNESS
valid_0560,PAD WINDOW LITHO,OPEN PAD WINDOW LITHO,DRY WAFER,EPITAXY PREP,POST EXPOSE BAKE
valid_0561,STRIP RESIST,STRIP PHOTORESIST,STRIP RESIST LEVEL,SHIP LOT,FINAL CLEAN
valid_0562,OPEN PAD WINDOW,OPEN BOND PAD WINDOW,CLEAN AFTER METAL ETCH,SPIN COAT PHOTORESIST,MEASURE THICKNESS
valid_0563,CLEAN AFTER VIA ETCH,CLEAN AFTER METAL ETCH,CLEAN AFTER FIELD ETCH,DEPOSIT BARRIER METAL,CLEAN AFTER POLY ETCH
valid_0564,OPEN PAD WINDOW,OPEN BOND PAD WINDOW,CLEAN PAD OPENING,MEASURE THICKNESS,SPIN COAT PHOTORESIST
valid_0565,STRIP RESIST,STRIP PHOTORESIST,STRIP RESIST LEVEL,HARD BAKE,FINAL CLEAN
valid_0566,OPEN PAD WINDOW,OPEN BOND PAD WINDOW,SPIN COAT PHOTORESIST,MEASURE THICKNESS,CLEAN AFTER METAL ETCH
valid_0567,MEASURE VIA CD,DEPOSIT BARRIER METAL,MEASURE OXIDE THICKNESS,CLEAN AFTER VIA ETCH,MEASURE FILM THICKNESS
valid_0568,PAD WINDOW LITHO,OPEN PAD WINDOW LITHO,DRY WAFER,EPITAXY PREP,DRY WAFER BACKSIDE
valid_0569,STRIP RESIST,STRIP PHOTORESIST,STRIP RESIST LEVEL,HARD BAKE,DEVELOP PHOTORESIST
valid_0570,DEVELOP PHOTORESIST,DEVELOP PAD WINDOW,POST EXPOSE BAKE,EXPOSE LITHO LEVEL,STRIP PHOTORESIST
valid_0571,STRIP RESIST,STRIP PHOTORESIST,STRIP RESIST LEVEL,DEVELOP PHOTORESIST,HARD BAKE
valid_0572,OPEN PAD WINDOW,OPEN BOND PAD WINDOW,SPIN COAT PHOTORESIST,MEASURE THICKNESS,CURE PASSIVATION
valid_0573,CLEAN AFTER VIA ETCH,DEPOSIT BARRIER METAL,MEASURE VIA CD,CLEAN AFTER METAL ETCH,CLEAN AFTER POLY ETCH
valid_0574,OPEN PAD WINDOW,OPEN BOND PAD WINDOW,MEASURE THICKNESS,OXIDE ETCH DRY,CURE PASSIVATION
valid_0575,MEASURE VIA CD,DEPOSIT BARRIER METAL,MEASURE OXIDE THICKNESS,CLEAN AFTER VIA ETCH,HARD BAKE
valid_0576,DEVELOP PHOTORESIST,DEVELOP PAD WINDOW,POST EXPOSE BAKE,EXPOSE LITHO LEVEL,STRIP PHOTORESIST
valid_0577,CLEAN AFTER VIA ETCH,DEPOSIT BARRIER METAL,MEASURE VIA CD,CLEAN AFTER METAL ETCH,CLEAN AFTER FIELD ETCH
valid_0578,DEVELOP PHOTORESIST,DEVELOP PAD WINDOW,POST EXPOSE BAKE,EXPOSE LITHO LEVEL,STRIP RESIST
valid_0579,STRIP RESIST,STRIP PHOTORESIST,STRIP RESIST LEVEL,DEVELOP PHOTORESIST,FINAL CLEAN
valid_0580,PAD WINDOW LITHO,OPEN PAD WINDOW LITHO,DRY WAFER,SUBSTRATE CHECK,DEVELOP PAD WINDOW
valid_0581,CLEAN AFTER VIA ETCH,CLEAN AFTER METAL ETCH,DEPOSIT BARRIER METAL,MEASURE VIA CD,CLEAN AFTER FIELD ETCH
valid_0582,PAD WINDOW LITHO,OPEN PAD WINDOW LITHO,DRY WAFER,SUBSTRATE CHECK,WAFER CLEAN PRE-GRIND
valid_0583,VIA ETCH THROUGH DIELECTRIC,DIELECTRIC ETCH VIA,VIA ETCH,HARD BAKE,CLEAN AFTER VIA ETCH
valid_0584,OPEN PAD WINDOW,OPEN BOND PAD WINDOW,LEAKAGE TEST,SPIN COAT PHOTORESIST,MEASURE THICKNESS
valid_0585,STRIP RESIST,STRIP PHOTORESIST,STRIP RESIST LEVEL,SHIP LOT,DEVELOP PHOTORESIST
valid_0586,PAD WINDOW LITHO,OPEN PAD WINDOW LITHO,DRY WAFER,DEVELOP PHOTORESIST,DEVELOP PAD WINDOW
valid_0587,STRIP RESIST,STRIP PHOTORESIST,STRIP RESIST LEVEL,DEVELOP PHOTORESIST,FINAL CLEAN
valid_0588,OPEN PAD WINDOW,OPEN BOND PAD WINDOW,SPIN COAT PHOTORESIST,MEASURE THICKNESS,CURE PASSIVATION
valid_0589,DEVELOP PHOTORESIST,POST EXPOSE BAKE,DEVELOP PAD WINDOW,HARD BAKE,EXPOSE LITHO LEVEL
valid_0590,CURE PASSIVATION,FINAL CLEAN,DEPOSIT PASSIVATION LAYER,DEPOSIT PASSIVATION,PASSIVATION ETCH
valid_0591,STRIP RESIST,STRIP PHOTORESIST,STRIP RESIST LEVEL,HARD BAKE,DEVELOP PHOTORESIST
valid_0592,OPEN PAD WINDOW,OPEN BOND PAD WINDOW,SPIN COAT PHOTORESIST,CLEAN AFTER METAL ETCH,MEASURE THICKNESS
valid_0593,STRIP RESIST,STRIP PHOTORESIST,STRIP RESIST LEVEL,HARD BAKE,DEVELOP PHOTORESIST
valid_0594,PAD WINDOW LITHO,OPEN PAD WINDOW LITHO,DRY WAFER,THERMAL OXIDATION,SUBSTRATE CHECK
valid_0595,CLEAN AFTER VIA ETCH,CLEAN AFTER METAL ETCH,CLEAN AFTER POLY ETCH,CLEAN AFTER ETCH,CLEAN AFTER FIELD ETCH
valid_0596,DEVELOP PHOTORESIST,DEVELOP PAD WINDOW,POST EXPOSE BAKE,EXPOSE LITHO LEVEL,STRIP RESIST
valid_0597,CLEAN AFTER VIA ETCH,CLEAN AFTER POLY ETCH,DEPOSIT BARRIER METAL,CLEAN AFTER METAL ETCH,MEASURE VIA CD
valid_0598,OPEN PAD WINDOW,OPEN BOND PAD WINDOW,MEASURE THICKNESS,SPIN COAT PHOTORESIST,CURE PASSIVATION
valid_0599,CLEAN AFTER VIA ETCH,CLEAN AFTER POLY ETCH,CLEAN AFTER METAL ETCH,CLEAN AFTER FIELD ETCH,DEPOSIT BARRIER METAL
valid_0600,PAD WINDOW LITHO,OPEN PAD WINDOW LITHO,DRY WAFER,THERMAL OXIDATION,SUBSTRATE CHECK
